id,firstname,lastname,email,email2,profession
100,Chrystel,Schalles,Chrystel.Schalles@yopmail.com,Chrystel.Schalles@gmail.com,police officer
101,Sadie,Suk,Sadie.Suk@yopmail.com,Sadie.Suk@gmail.com,firefighter
102,Marleah,Mike,Marleah.Mike@yopmail.com,Marleah.Mike@gmail.com,doctor
103,Madelle,Amadas,Madelle.Amadas@yopmail.com,Madelle.Amadas@gmail.com,doctor
104,Sue,Ranjiv,Sue.Ranjiv@yopmail.com,Sue.Ranjiv@gmail.com,firefighter
105,Kamilah,Henrie,Kamilah.Henrie@yopmail.com,Kamilah.Henrie@gmail.com,worker
106,Rochette,Penelopa,Rochette.Penelopa@yopmail.com,Rochette.Penelopa@gmail.com,doctor
107,Ezmeralda,Kesley,Ezmeralda.Kesley@yopmail.com,Ezmeralda.Kesley@gmail.com,doctor
108,Reeba,Plato,Reeba.Plato@yopmail.com,Reeba.Plato@gmail.com,worker
109,Marika,Sothena,Marika.Sothena@yopmail.com,Marika.Sothena@gmail.com,developer
110,Gilligan,Abbot,Gilligan.Abbot@yopmail.com,Gilligan.Abbot@gmail.com,police officer
111,Zaria,Poll,Zaria.Poll@yopmail.com,Zaria.Poll@gmail.com,worker
112,Cassondra,Mendez,Cassondra.Mendez@yopmail.com,Cassondra.Mendez@gmail.com,firefighter
113,Verla,Joachim,Verla.Joachim@yopmail.com,Verla.Joachim@gmail.com,worker
114,Julieta,Dominy,Julieta.Dominy@yopmail.com,Julieta.Dominy@gmail.com,developer
115,Kellen,Belanger,Kellen.Belanger@yopmail.com,Kellen.Belanger@gmail.com,police officer
116,Starla,Pierette,Starla.Pierette@yopmail.com,Starla.Pierette@gmail.com,doctor
117,Vita,Gilmour,Vita.Gilmour@yopmail.com,Vita.Gilmour@gmail.com,police officer
118,Audrie,Hortensia,Audrie.Hortensia@yopmail.com,Audrie.Hortensia@gmail.com,police officer
119,Luci,Mitzi,Luci.Mitzi@yopmail.com,Luci.Mitzi@gmail.com,worker
120,Marylou,Gladstone,Marylou.Gladstone@yopmail.com,Marylou.Gladstone@gmail.com,worker
121,Jasmina,Manolo,Jasmina.Manolo@yopmail.com,Jasmina.Manolo@gmail.com,police officer
122,Dode,Israeli,Dode.Israeli@yopmail.com,Dode.Israeli@gmail.com,firefighter
123,Jemie,Pitt,Jemie.Pitt@yopmail.com,Jemie.Pitt@gmail.com,doctor
124,Frances,Longfellow,Frances.Longfellow@yopmail.com,Frances.Longfellow@gmail.com,developer
125,Malina,Khorma,Malina.Khorma@yopmail.com,Malina.Khorma@gmail.com,developer
126,Ekaterina,Devlen,Ekaterina.Devlen@yopmail.com,Ekaterina.Devlen@gmail.com,police officer
127,Petronia,Peonir,Petronia.Peonir@yopmail.com,Petronia.Peonir@gmail.com,doctor
128,Basia,Cherianne,Basia.Cherianne@yopmail.com,Basia.Cherianne@gmail.com,firefighter
129,Marleah,Gaal,Marleah.Gaal@yopmail.com,Marleah.Gaal@gmail.com,firefighter
130,Georgetta,Garek,Georgetta.Garek@yopmail.com,Georgetta.Garek@gmail.com,police officer
131,Marita,Danby,Marita.Danby@yopmail.com,Marita.Danby@gmail.com,doctor
132,Jan,Reidar,Jan.Reidar@yopmail.com,Jan.Reidar@gmail.com,doctor
133,Phedra,Joseph,Phedra.Joseph@yopmail.com,Phedra.Joseph@gmail.com,police officer
134,Berta,Kevon,Berta.Kevon@yopmail.com,Berta.Kevon@gmail.com,worker
135,Albertina,Naashom,Albertina.Naashom@yopmail.com,Albertina.Naashom@gmail.com,police officer
136,Flory,Dermott,Flory.Dermott@yopmail.com,Flory.Dermott@gmail.com,firefighter
137,Merle,Drus,Merle.Drus@yopmail.com,Merle.Drus@gmail.com,doctor
138,Roxane,Alwin,Roxane.Alwin@yopmail.com,Roxane.Alwin@gmail.com,firefighter
139,Tatiania,Tamar,Tatiania.Tamar@yopmail.com,Tatiania.Tamar@gmail.com,police officer
140,Janenna,Francyne,Janenna.Francyne@yopmail.com,Janenna.Francyne@gmail.com,worker
141,Gilligan,Paine,Gilligan.Paine@yopmail.com,Gilligan.Paine@gmail.com,developer
142,Calla,Buttaro,Calla.Buttaro@yopmail.com,Calla.Buttaro@gmail.com,police officer
143,Dorthy,Philipp,Dorthy.Philipp@yopmail.com,Dorthy.Philipp@gmail.com,firefighter
144,Atlanta,Georas,Atlanta.Georas@yopmail.com,Atlanta.Georas@gmail.com,doctor
145,Konstance,Bouchard,Konstance.Bouchard@yopmail.com,Konstance.Bouchard@gmail.com,firefighter
146,Esmeralda,Ortrude,Esmeralda.Ortrude@yopmail.com,Esmeralda.Ortrude@gmail.com,firefighter
147,Atlanta,Schwejda,Atlanta.Schwejda@yopmail.com,Atlanta.Schwejda@gmail.com,developer
148,Phylis,Cloris,Phylis.Cloris@yopmail.com,Phylis.Cloris@gmail.com,worker
149,Amii,Luhe,Amii.Luhe@yopmail.com,Amii.Luhe@gmail.com,firefighter
150,Caressa,Daegal,Caressa.Daegal@yopmail.com,Caressa.Daegal@gmail.com,worker
151,Allis,Myrilla,Allis.Myrilla@yopmail.com,Allis.Myrilla@gmail.com,police officer
152,Ricky,Wolfgram,Ricky.Wolfgram@yopmail.com,Ricky.Wolfgram@gmail.com,doctor
153,Rosabelle,Lindemann,Rosabelle.Lindemann@yopmail.com,Rosabelle.Lindemann@gmail.com,worker
154,Ekaterina,Pascia,Ekaterina.Pascia@yopmail.com,Ekaterina.Pascia@gmail.com,police officer
155,Hyacinthe,Erminia,Hyacinthe.Erminia@yopmail.com,Hyacinthe.Erminia@gmail.com,worker
156,Liana,Turne,Liana.Turne@yopmail.com,Liana.Turne@gmail.com,doctor
157,Melodie,Kristi,Melodie.Kristi@yopmail.com,Melodie.Kristi@gmail.com,firefighter
158,Rhea,Berriman,Rhea.Berriman@yopmail.com,Rhea.Berriman@gmail.com,doctor
159,Asia,Salvidor,Asia.Salvidor@yopmail.com,Asia.Salvidor@gmail.com,firefighter
160,Allyce,Bluh,Allyce.Bluh@yopmail.com,Allyce.Bluh@gmail.com,police officer
161,Damaris,Lenny,Damaris.Lenny@yopmail.com,Damaris.Lenny@gmail.com,developer
162,Amara,Lorenz,Amara.Lorenz@yopmail.com,Amara.Lorenz@gmail.com,doctor
163,Candy,Kathie,Candy.Kathie@yopmail.com,Candy.Kathie@gmail.com,doctor
164,Chere,Ardeha,Chere.Ardeha@yopmail.com,Chere.Ardeha@gmail.com,police officer
165,Penelopa,Schonfeld,Penelopa.Schonfeld@yopmail.com,Penelopa.Schonfeld@gmail.com,police officer
166,Charlena,Gombach,Charlena.Gombach@yopmail.com,Charlena.Gombach@gmail.com,developer
167,Courtnay,Zamora,Courtnay.Zamora@yopmail.com,Courtnay.Zamora@gmail.com,worker
168,Georgetta,Ventre,Georgetta.Ventre@yopmail.com,Georgetta.Ventre@gmail.com,doctor
169,Ayn,Hollingsworth,Ayn.Hollingsworth@yopmail.com,Ayn.Hollingsworth@gmail.com,doctor
170,Deedee,Himelman,Deedee.Himelman@yopmail.com,Deedee.Himelman@gmail.com,doctor
171,Verla,Glovsky,Verla.Glovsky@yopmail.com,Verla.Glovsky@gmail.com,worker
172,Daune,Duwalt,Daune.Duwalt@yopmail.com,Daune.Duwalt@gmail.com,doctor
173,Noelle,Adlare,Noelle.Adlare@yopmail.com,Noelle.Adlare@gmail.com,firefighter
174,Gianina,Maurine,Gianina.Maurine@yopmail.com,Gianina.Maurine@gmail.com,developer
175,Hermione,Buttaro,Hermione.Buttaro@yopmail.com,Hermione.Buttaro@gmail.com,firefighter
176,Elora,Hailee,Elora.Hailee@yopmail.com,Elora.Hailee@gmail.com,developer
177,Basia,Bashemeth,Basia.Bashemeth@yopmail.com,Basia.Bashemeth@gmail.com,worker
178,Gusella,Sherfield,Gusella.Sherfield@yopmail.com,Gusella.Sherfield@gmail.com,developer
179,Sandie,Bendick,Sandie.Bendick@yopmail.com,Sandie.Bendick@gmail.com,doctor
180,Nicoli,Darian,Nicoli.Darian@yopmail.com,Nicoli.Darian@gmail.com,doctor
181,Harrietta,Tarrant,Harrietta.Tarrant@yopmail.com,Harrietta.Tarrant@gmail.com,developer
182,Hollie,Vanni,Hollie.Vanni@yopmail.com,Hollie.Vanni@gmail.com,firefighter
183,Tina,Swigart,Tina.Swigart@yopmail.com,Tina.Swigart@gmail.com,firefighter
184,Jere,Oster,Jere.Oster@yopmail.com,Jere.Oster@gmail.com,doctor
185,Rosene,Shuler,Rosene.Shuler@yopmail.com,Rosene.Shuler@gmail.com,developer
186,Elfreda,Hailee,Elfreda.Hailee@yopmail.com,Elfreda.Hailee@gmail.com,worker
187,Suzette,Sadowski,Suzette.Sadowski@yopmail.com,Suzette.Sadowski@gmail.com,worker
188,Gusty,Cutlerr,Gusty.Cutlerr@yopmail.com,Gusty.Cutlerr@gmail.com,firefighter
189,Bobbi,Gert,Bobbi.Gert@yopmail.com,Bobbi.Gert@gmail.com,police officer
190,Tani,Israeli,Tani.Israeli@yopmail.com,Tani.Israeli@gmail.com,police officer
191,Noelle,Klotz,Noelle.Klotz@yopmail.com,Noelle.Klotz@gmail.com,developer
192,Joleen,Tiffa,Joleen.Tiffa@yopmail.com,Joleen.Tiffa@gmail.com,developer
193,Rani,Brenn,Rani.Brenn@yopmail.com,Rani.Brenn@gmail.com,worker
194,Sean,Crudden,Sean.Crudden@yopmail.com,Sean.Crudden@gmail.com,worker
195,Rhoda,Sholley,Rhoda.Sholley@yopmail.com,Rhoda.Sholley@gmail.com,worker
196,Jessy,Reinke,Jessy.Reinke@yopmail.com,Jessy.Reinke@gmail.com,developer
197,Dorene,Khorma,Dorene.Khorma@yopmail.com,Dorene.Khorma@gmail.com,police officer
198,Jacenta,Annice,Jacenta.Annice@yopmail.com,Jacenta.Annice@gmail.com,worker
199,Tybie,Pandolfi,Tybie.Pandolfi@yopmail.com,Tybie.Pandolfi@gmail.com,worker
200,Arlina,Chandler,Arlina.Chandler@yopmail.com,Arlina.Chandler@gmail.com,worker
201,Madalyn,Ietta,Madalyn.Ietta@yopmail.com,Madalyn.Ietta@gmail.com,worker
202,Lacie,Dawkins,Lacie.Dawkins@yopmail.com,Lacie.Dawkins@gmail.com,developer
203,Valeda,Ricarda,Valeda.Ricarda@yopmail.com,Valeda.Ricarda@gmail.com,worker
204,Dulce,Roumell,Dulce.Roumell@yopmail.com,Dulce.Roumell@gmail.com,developer
205,Yolane,Terrence,Yolane.Terrence@yopmail.com,Yolane.Terrence@gmail.com,police officer
206,Asia,Ade,Asia.Ade@yopmail.com,Asia.Ade@gmail.com,worker
207,Tiffie,Isidore,Tiffie.Isidore@yopmail.com,Tiffie.Isidore@gmail.com,firefighter
208,Alyda,Tengdin,Alyda.Tengdin@yopmail.com,Alyda.Tengdin@gmail.com,worker
209,Vonny,Cressida,Vonny.Cressida@yopmail.com,Vonny.Cressida@gmail.com,police officer
210,Lilith,Zina,Lilith.Zina@yopmail.com,Lilith.Zina@gmail.com,doctor
211,Gilligan,Lareena,Gilligan.Lareena@yopmail.com,Gilligan.Lareena@gmail.com,developer
212,Myrtice,Kaete,Myrtice.Kaete@yopmail.com,Myrtice.Kaete@gmail.com,police officer
213,Candi,Zola,Candi.Zola@yopmail.com,Candi.Zola@gmail.com,firefighter
214,Miquela,Ummersen,Miquela.Ummersen@yopmail.com,Miquela.Ummersen@gmail.com,doctor
215,Hannis,Brandice,Hannis.Brandice@yopmail.com,Hannis.Brandice@gmail.com,developer
216,Dianemarie,Berriman,Dianemarie.Berriman@yopmail.com,Dianemarie.Berriman@gmail.com,worker
217,Georgina,Alcott,Georgina.Alcott@yopmail.com,Georgina.Alcott@gmail.com,firefighter
218,Alex,Merna,Alex.Merna@yopmail.com,Alex.Merna@gmail.com,doctor
219,Elmira,Yorick,Elmira.Yorick@yopmail.com,Elmira.Yorick@gmail.com,developer
220,Tiffie,Christine,Tiffie.Christine@yopmail.com,Tiffie.Christine@gmail.com,doctor
221,Bibby,Eckblad,Bibby.Eckblad@yopmail.com,Bibby.Eckblad@gmail.com,developer
222,Nanete,Koziara,Nanete.Koziara@yopmail.com,Nanete.Koziara@gmail.com,developer
223,Marinna,Taam,Marinna.Taam@yopmail.com,Marinna.Taam@gmail.com,firefighter
224,Henriette,Hutchison,Henriette.Hutchison@yopmail.com,Henriette.Hutchison@gmail.com,doctor
225,Mary,Olnee,Mary.Olnee@yopmail.com,Mary.Olnee@gmail.com,firefighter
226,Esmeralda,Mitzi,Esmeralda.Mitzi@yopmail.com,Esmeralda.Mitzi@gmail.com,worker
227,Lisette,Keelia,Lisette.Keelia@yopmail.com,Lisette.Keelia@gmail.com,firefighter
228,Arabel,Vins,Arabel.Vins@yopmail.com,Arabel.Vins@gmail.com,developer
229,Sonni,Paine,Sonni.Paine@yopmail.com,Sonni.Paine@gmail.com,firefighter
230,Alexine,Marden,Alexine.Marden@yopmail.com,Alexine.Marden@gmail.com,developer
231,Allyce,Bevin,Allyce.Bevin@yopmail.com,Allyce.Bevin@gmail.com,worker
232,Cathyleen,Joseph,Cathyleen.Joseph@yopmail.com,Cathyleen.Joseph@gmail.com,police officer
233,Christy,Pearse,Christy.Pearse@yopmail.com,Christy.Pearse@gmail.com,firefighter
234,Molli,Center,Molli.Center@yopmail.com,Molli.Center@gmail.com,worker
235,Ira,Goode,Ira.Goode@yopmail.com,Ira.Goode@gmail.com,developer
236,Darci,Munn,Darci.Munn@yopmail.com,Darci.Munn@gmail.com,worker
237,Jaime,Septima,Jaime.Septima@yopmail.com,Jaime.Septima@gmail.com,worker
238,Delilah,Jena,Delilah.Jena@yopmail.com,Delilah.Jena@gmail.com,worker
239,Rani,Joseph,Rani.Joseph@yopmail.com,Rani.Joseph@gmail.com,police officer
240,Cherilyn,Elephus,Cherilyn.Elephus@yopmail.com,Cherilyn.Elephus@gmail.com,worker
241,Nataline,Fennessy,Nataline.Fennessy@yopmail.com,Nataline.Fennessy@gmail.com,doctor
242,Paulita,Sasnett,Paulita.Sasnett@yopmail.com,Paulita.Sasnett@gmail.com,developer
243,Genevra,Silvan,Genevra.Silvan@yopmail.com,Genevra.Silvan@gmail.com,firefighter
244,Binny,Docilla,Binny.Docilla@yopmail.com,Binny.Docilla@gmail.com,developer
245,Chastity,Markman,Chastity.Markman@yopmail.com,Chastity.Markman@gmail.com,police officer
246,Selma,Edison,Selma.Edison@yopmail.com,Selma.Edison@gmail.com,developer
247,Reeba,Verger,Reeba.Verger@yopmail.com,Reeba.Verger@gmail.com,developer
248,Frieda,Alrich,Frieda.Alrich@yopmail.com,Frieda.Alrich@gmail.com,worker
249,Tamqrah,Toni,Tamqrah.Toni@yopmail.com,Tamqrah.Toni@gmail.com,firefighter
250,Leona,Sadowski,Leona.Sadowski@yopmail.com,Leona.Sadowski@gmail.com,police officer
251,Ezmeralda,Laurianne,Ezmeralda.Laurianne@yopmail.com,Ezmeralda.Laurianne@gmail.com,worker
252,Lynde,Cullin,Lynde.Cullin@yopmail.com,Lynde.Cullin@gmail.com,doctor
253,Christy,Rubie,Christy.Rubie@yopmail.com,Christy.Rubie@gmail.com,doctor
254,Rani,Donell,Rani.Donell@yopmail.com,Rani.Donell@gmail.com,doctor
255,Bibby,Sothena,Bibby.Sothena@yopmail.com,Bibby.Sothena@gmail.com,firefighter
256,Brianna,Alice,Brianna.Alice@yopmail.com,Brianna.Alice@gmail.com,firefighter
257,Melisent,Gert,Melisent.Gert@yopmail.com,Melisent.Gert@gmail.com,firefighter
258,Merle,Bonucci,Merle.Bonucci@yopmail.com,Merle.Bonucci@gmail.com,doctor
259,Maryellen,Germann,Maryellen.Germann@yopmail.com,Maryellen.Germann@gmail.com,doctor
260,Danny,Hirsch,Danny.Hirsch@yopmail.com,Danny.Hirsch@gmail.com,firefighter
261,Joy,Kronfeld,Joy.Kronfeld@yopmail.com,Joy.Kronfeld@gmail.com,developer
262,Patricia,Gilbertson,Patricia.Gilbertson@yopmail.com,Patricia.Gilbertson@gmail.com,police officer
263,Wynne,Heisel,Wynne.Heisel@yopmail.com,Wynne.Heisel@gmail.com,worker
264,Chandra,Konyn,Chandra.Konyn@yopmail.com,Chandra.Konyn@gmail.com,worker
265,Janeczka,Valerio,Janeczka.Valerio@yopmail.com,Janeczka.Valerio@gmail.com,developer
266,Pollyanna,Crudden,Pollyanna.Crudden@yopmail.com,Pollyanna.Crudden@gmail.com,developer
267,Karina,Sigfrid,Karina.Sigfrid@yopmail.com,Karina.Sigfrid@gmail.com,doctor
268,Ivett,Payson,Ivett.Payson@yopmail.com,Ivett.Payson@gmail.com,firefighter
269,Charlena,Lattie,Charlena.Lattie@yopmail.com,Charlena.Lattie@gmail.com,developer
270,Betta,Emerson,Betta.Emerson@yopmail.com,Betta.Emerson@gmail.com,doctor
271,Gabriellia,Cassius,Gabriellia.Cassius@yopmail.com,Gabriellia.Cassius@gmail.com,worker
272,Delilah,Teddman,Delilah.Teddman@yopmail.com,Delilah.Teddman@gmail.com,firefighter
273,Starla,Bashemeth,Starla.Bashemeth@yopmail.com,Starla.Bashemeth@gmail.com,doctor
274,Ginnie,Angelis,Ginnie.Angelis@yopmail.com,Ginnie.Angelis@gmail.com,developer
275,Korrie,Ellerey,Korrie.Ellerey@yopmail.com,Korrie.Ellerey@gmail.com,developer
276,Elfreda,Lilas,Elfreda.Lilas@yopmail.com,Elfreda.Lilas@gmail.com,doctor
277,Sarette,Earlie,Sarette.Earlie@yopmail.com,Sarette.Earlie@gmail.com,worker
278,Daryl,Gavrila,Daryl.Gavrila@yopmail.com,Daryl.Gavrila@gmail.com,doctor
279,Lauryn,Schwejda,Lauryn.Schwejda@yopmail.com,Lauryn.Schwejda@gmail.com,police officer
280,Florie,Lunsford,Florie.Lunsford@yopmail.com,Florie.Lunsford@gmail.com,doctor
281,Shel,Gino,Shel.Gino@yopmail.com,Shel.Gino@gmail.com,firefighter
282,Viviene,Girardo,Viviene.Girardo@yopmail.com,Viviene.Girardo@gmail.com,police officer
283,Alia,Margret,Alia.Margret@yopmail.com,Alia.Margret@gmail.com,worker
284,Sheelagh,Swigart,Sheelagh.Swigart@yopmail.com,Sheelagh.Swigart@gmail.com,firefighter
285,Juliane,Robertson,Juliane.Robertson@yopmail.com,Juliane.Robertson@gmail.com,developer
286,Micheline,Therine,Micheline.Therine@yopmail.com,Micheline.Therine@gmail.com,firefighter
287,Ada,Rosette,Ada.Rosette@yopmail.com,Ada.Rosette@gmail.com,developer
288,Dennie,Naashom,Dennie.Naashom@yopmail.com,Dennie.Naashom@gmail.com,doctor
289,Maud,Pascia,Maud.Pascia@yopmail.com,Maud.Pascia@gmail.com,firefighter
290,Lyssa,Janene,Lyssa.Janene@yopmail.com,Lyssa.Janene@gmail.com,firefighter
291,Clary,Parette,Clary.Parette@yopmail.com,Clary.Parette@gmail.com,police officer
292,Etta,Dorothy,Etta.Dorothy@yopmail.com,Etta.Dorothy@gmail.com,worker
293,Dorothy,Terrence,Dorothy.Terrence@yopmail.com,Dorothy.Terrence@gmail.com,doctor
294,Molli,Imelida,Molli.Imelida@yopmail.com,Molli.Imelida@gmail.com,police officer
295,Shannah,Sperling,Shannah.Sperling@yopmail.com,Shannah.Sperling@gmail.com,doctor
296,Merry,Tufts,Merry.Tufts@yopmail.com,Merry.Tufts@gmail.com,doctor
297,Raina,Croix,Raina.Croix@yopmail.com,Raina.Croix@gmail.com,police officer
298,Corene,Brian,Corene.Brian@yopmail.com,Corene.Brian@gmail.com,firefighter
299,Helena,Tice,Helena.Tice@yopmail.com,Helena.Tice@gmail.com,firefighter
300,Evaleen,Lorenz,Evaleen.Lorenz@yopmail.com,Evaleen.Lorenz@gmail.com,firefighter
301,Babita,Kamaria,Babita.Kamaria@yopmail.com,Babita.Kamaria@gmail.com,firefighter
302,Katuscha,Stelle,Katuscha.Stelle@yopmail.com,Katuscha.Stelle@gmail.com,firefighter
303,Merrie,Wooster,Merrie.Wooster@yopmail.com,Merrie.Wooster@gmail.com,developer
304,Regina,Gavrila,Regina.Gavrila@yopmail.com,Regina.Gavrila@gmail.com,police officer
305,Vere,Remmer,Vere.Remmer@yopmail.com,Vere.Remmer@gmail.com,doctor
306,Alie,Ventre,Alie.Ventre@yopmail.com,Alie.Ventre@gmail.com,police officer
307,Aurelie,Abernon,Aurelie.Abernon@yopmail.com,Aurelie.Abernon@gmail.com,police officer
308,Margarette,Rubie,Margarette.Rubie@yopmail.com,Margarette.Rubie@gmail.com,police officer
309,Leeanne,Fennessy,Leeanne.Fennessy@yopmail.com,Leeanne.Fennessy@gmail.com,firefighter
310,Etta,Koehler,Etta.Koehler@yopmail.com,Etta.Koehler@gmail.com,doctor
311,Allyce,Fosque,Allyce.Fosque@yopmail.com,Allyce.Fosque@gmail.com,doctor
312,Tersina,Shama,Tersina.Shama@yopmail.com,Tersina.Shama@gmail.com,developer
313,Ketti,Pierette,Ketti.Pierette@yopmail.com,Ketti.Pierette@gmail.com,worker
314,Dorothy,Wadell,Dorothy.Wadell@yopmail.com,Dorothy.Wadell@gmail.com,firefighter
315,Anestassia,Jena,Anestassia.Jena@yopmail.com,Anestassia.Jena@gmail.com,developer
316,Constance,Anis,Constance.Anis@yopmail.com,Constance.Anis@gmail.com,police officer
317,Babita,Gillan,Babita.Gillan@yopmail.com,Babita.Gillan@gmail.com,doctor
318,Edith,Ball,Edith.Ball@yopmail.com,Edith.Ball@gmail.com,police officer
319,Lorie,Tremayne,Lorie.Tremayne@yopmail.com,Lorie.Tremayne@gmail.com,firefighter
320,Roberta,Alcott,Roberta.Alcott@yopmail.com,Roberta.Alcott@gmail.com,worker
321,Tarra,Wolfgram,Tarra.Wolfgram@yopmail.com,Tarra.Wolfgram@gmail.com,police officer
322,Bertine,Secrest,Bertine.Secrest@yopmail.com,Bertine.Secrest@gmail.com,firefighter
323,Minda,Sholley,Minda.Sholley@yopmail.com,Minda.Sholley@gmail.com,police officer
324,Nyssa,Ioab,Nyssa.Ioab@yopmail.com,Nyssa.Ioab@gmail.com,firefighter
325,Starla,Grobe,Starla.Grobe@yopmail.com,Starla.Grobe@gmail.com,worker
326,Clarice,Arvo,Clarice.Arvo@yopmail.com,Clarice.Arvo@gmail.com,firefighter
327,Viki,Kylander,Viki.Kylander@yopmail.com,Viki.Kylander@gmail.com,doctor
328,Dania,Leopold,Dania.Leopold@yopmail.com,Dania.Leopold@gmail.com,police officer
329,Katleen,Pyle,Katleen.Pyle@yopmail.com,Katleen.Pyle@gmail.com,firefighter
330,Janey,Belanger,Janey.Belanger@yopmail.com,Janey.Belanger@gmail.com,doctor
331,Mignon,Kussell,Mignon.Kussell@yopmail.com,Mignon.Kussell@gmail.com,developer
332,Candi,Lia,Candi.Lia@yopmail.com,Candi.Lia@gmail.com,firefighter
333,Chastity,Suzetta,Chastity.Suzetta@yopmail.com,Chastity.Suzetta@gmail.com,firefighter
334,Christian,Seligman,Christian.Seligman@yopmail.com,Christian.Seligman@gmail.com,developer
335,Karly,Pernick,Karly.Pernick@yopmail.com,Karly.Pernick@gmail.com,firefighter
336,Arabel,Hubert,Arabel.Hubert@yopmail.com,Arabel.Hubert@gmail.com,firefighter
337,Pollyanna,Goerke,Pollyanna.Goerke@yopmail.com,Pollyanna.Goerke@gmail.com,developer
338,Justinn,Francene,Justinn.Francene@yopmail.com,Justinn.Francene@gmail.com,developer
339,Elmira,Brodench,Elmira.Brodench@yopmail.com,Elmira.Brodench@gmail.com,firefighter
340,Leia,Charmine,Leia.Charmine@yopmail.com,Leia.Charmine@gmail.com,firefighter
341,Devina,Casimir,Devina.Casimir@yopmail.com,Devina.Casimir@gmail.com,police officer
342,Gilda,Brackely,Gilda.Brackely@yopmail.com,Gilda.Brackely@gmail.com,worker
343,Brietta,Buffum,Brietta.Buffum@yopmail.com,Brietta.Buffum@gmail.com,doctor
344,Lenna,Standing,Lenna.Standing@yopmail.com,Lenna.Standing@gmail.com,police officer
345,Charmaine,Kaete,Charmaine.Kaete@yopmail.com,Charmaine.Kaete@gmail.com,developer
346,Cindelyn,Keelia,Cindelyn.Keelia@yopmail.com,Cindelyn.Keelia@gmail.com,worker
347,Genovera,Lubin,Genovera.Lubin@yopmail.com,Genovera.Lubin@gmail.com,developer
348,Gilligan,Eckblad,Gilligan.Eckblad@yopmail.com,Gilligan.Eckblad@gmail.com,doctor
349,Oralee,Hazlett,Oralee.Hazlett@yopmail.com,Oralee.Hazlett@gmail.com,firefighter
350,Chrystel,Pitt,Chrystel.Pitt@yopmail.com,Chrystel.Pitt@gmail.com,doctor
351,Laurene,Guildroy,Laurene.Guildroy@yopmail.com,Laurene.Guildroy@gmail.com,doctor
352,Gratia,Katrine,Gratia.Katrine@yopmail.com,Gratia.Katrine@gmail.com,doctor
353,Eolanda,Narton,Eolanda.Narton@yopmail.com,Eolanda.Narton@gmail.com,firefighter
354,Diena,Ciro,Diena.Ciro@yopmail.com,Diena.Ciro@gmail.com,firefighter
355,Bernie,Chaing,Bernie.Chaing@yopmail.com,Bernie.Chaing@gmail.com,doctor
356,Lyssa,Raul,Lyssa.Raul@yopmail.com,Lyssa.Raul@gmail.com,police officer
357,Jan,Richers,Jan.Richers@yopmail.com,Jan.Richers@gmail.com,developer
358,Jolyn,Rad,Jolyn.Rad@yopmail.com,Jolyn.Rad@gmail.com,firefighter
359,Corina,Tillford,Corina.Tillford@yopmail.com,Corina.Tillford@gmail.com,police officer
360,Hollie,August,Hollie.August@yopmail.com,Hollie.August@gmail.com,developer
361,Isa,Vernier,Isa.Vernier@yopmail.com,Isa.Vernier@gmail.com,firefighter
362,Candy,Audly,Candy.Audly@yopmail.com,Candy.Audly@gmail.com,developer
363,Harmonia,Casimir,Harmonia.Casimir@yopmail.com,Harmonia.Casimir@gmail.com,firefighter
364,Carmencita,Bahr,Carmencita.Bahr@yopmail.com,Carmencita.Bahr@gmail.com,firefighter
365,Lulita,Saint,Lulita.Saint@yopmail.com,Lulita.Saint@gmail.com,developer
366,Ashlee,Redmond,Ashlee.Redmond@yopmail.com,Ashlee.Redmond@gmail.com,firefighter
367,Micheline,Isidore,Micheline.Isidore@yopmail.com,Micheline.Isidore@gmail.com,worker
368,Joelly,Allys,Joelly.Allys@yopmail.com,Joelly.Allys@gmail.com,worker
369,Nicoli,Gino,Nicoli.Gino@yopmail.com,Nicoli.Gino@gmail.com,developer
370,Arlina,Monaco,Arlina.Monaco@yopmail.com,Arlina.Monaco@gmail.com,doctor
371,Kirstin,Thad,Kirstin.Thad@yopmail.com,Kirstin.Thad@gmail.com,worker
372,Alameda,Catie,Alameda.Catie@yopmail.com,Alameda.Catie@gmail.com,doctor
373,Leona,Kolnick,Leona.Kolnick@yopmail.com,Leona.Kolnick@gmail.com,developer
374,Hallie,Infield,Hallie.Infield@yopmail.com,Hallie.Infield@gmail.com,firefighter
375,Adele,Hewitt,Adele.Hewitt@yopmail.com,Adele.Hewitt@gmail.com,developer
376,Myriam,Wooster,Myriam.Wooster@yopmail.com,Myriam.Wooster@gmail.com,police officer
377,Courtnay,Wareing,Courtnay.Wareing@yopmail.com,Courtnay.Wareing@gmail.com,doctor
378,Wileen,Sinegold,Wileen.Sinegold@yopmail.com,Wileen.Sinegold@gmail.com,police officer
379,Arlina,Byrne,Arlina.Byrne@yopmail.com,Arlina.Byrne@gmail.com,police officer
380,Nannie,Haldas,Nannie.Haldas@yopmail.com,Nannie.Haldas@gmail.com,police officer
381,Cherrita,Fadiman,Cherrita.Fadiman@yopmail.com,Cherrita.Fadiman@gmail.com,developer
382,Annice,Lubin,Annice.Lubin@yopmail.com,Annice.Lubin@gmail.com,firefighter
383,Georgetta,Melleta,Georgetta.Melleta@yopmail.com,Georgetta.Melleta@gmail.com,police officer
384,Roz,Luhe,Roz.Luhe@yopmail.com,Roz.Luhe@gmail.com,developer
385,Merle,Rocray,Merle.Rocray@yopmail.com,Merle.Rocray@gmail.com,doctor
386,Dotty,Vacuva,Dotty.Vacuva@yopmail.com,Dotty.Vacuva@gmail.com,police officer
387,Xylina,O'Rourke,Xylina.O'Rourke@yopmail.com,Xylina.O'Rourke@gmail.com,police officer
388,Beatriz,Horan,Beatriz.Horan@yopmail.com,Beatriz.Horan@gmail.com,worker
389,Kellen,Artie,Kellen.Artie@yopmail.com,Kellen.Artie@gmail.com,firefighter
390,Emelina,Corilla,Emelina.Corilla@yopmail.com,Emelina.Corilla@gmail.com,developer
391,Lindie,Fadiman,Lindie.Fadiman@yopmail.com,Lindie.Fadiman@gmail.com,worker
392,Althea,Fiann,Althea.Fiann@yopmail.com,Althea.Fiann@gmail.com,firefighter
393,Linzy,Bendick,Linzy.Bendick@yopmail.com,Linzy.Bendick@gmail.com,firefighter
394,Shaine,Elsinore,Shaine.Elsinore@yopmail.com,Shaine.Elsinore@gmail.com,worker
395,Ardeen,Rogerio,Ardeen.Rogerio@yopmail.com,Ardeen.Rogerio@gmail.com,worker
396,Mariele,Cimbura,Mariele.Cimbura@yopmail.com,Mariele.Cimbura@gmail.com,developer
397,Lenna,Sherrie,Lenna.Sherrie@yopmail.com,Lenna.Sherrie@gmail.com,police officer
398,Fayre,Malvino,Fayre.Malvino@yopmail.com,Fayre.Malvino@gmail.com,doctor
399,Lorenza,Carmena,Lorenza.Carmena@yopmail.com,Lorenza.Carmena@gmail.com,police officer
400,Ermengarde,O'Neill,Ermengarde.O'Neill@yopmail.com,Ermengarde.O'Neill@gmail.com,police officer
401,Danny,Sholley,Danny.Sholley@yopmail.com,Danny.Sholley@gmail.com,doctor
402,Hermione,Dimitris,Hermione.Dimitris@yopmail.com,Hermione.Dimitris@gmail.com,worker
403,Aimil,Hazlett,Aimil.Hazlett@yopmail.com,Aimil.Hazlett@gmail.com,police officer
404,Meghann,Nahum,Meghann.Nahum@yopmail.com,Meghann.Nahum@gmail.com,worker
405,Pearline,Lissi,Pearline.Lissi@yopmail.com,Pearline.Lissi@gmail.com,worker
406,Marinna,Raimondo,Marinna.Raimondo@yopmail.com,Marinna.Raimondo@gmail.com,developer
407,Nadine,Colyer,Nadine.Colyer@yopmail.com,Nadine.Colyer@gmail.com,police officer
408,Jorry,Lacombe,Jorry.Lacombe@yopmail.com,Jorry.Lacombe@gmail.com,worker
409,Lindie,Denis,Lindie.Denis@yopmail.com,Lindie.Denis@gmail.com,worker
410,Annabela,Abernon,Annabela.Abernon@yopmail.com,Annabela.Abernon@gmail.com,police officer
411,Miquela,Astra,Miquela.Astra@yopmail.com,Miquela.Astra@gmail.com,police officer
412,Elise,Nadia,Elise.Nadia@yopmail.com,Elise.Nadia@gmail.com,firefighter
413,Leeanne,Septima,Leeanne.Septima@yopmail.com,Leeanne.Septima@gmail.com,firefighter
414,Rozele,Fabiola,Rozele.Fabiola@yopmail.com,Rozele.Fabiola@gmail.com,doctor
415,Rhea,Carleen,Rhea.Carleen@yopmail.com,Rhea.Carleen@gmail.com,police officer
416,Valera,Bigner,Valera.Bigner@yopmail.com,Valera.Bigner@gmail.com,police officer
417,Sharai,Flyn,Sharai.Flyn@yopmail.com,Sharai.Flyn@gmail.com,developer
418,Dotty,Kaete,Dotty.Kaete@yopmail.com,Dotty.Kaete@gmail.com,police officer
419,Meriel,Merriott,Meriel.Merriott@yopmail.com,Meriel.Merriott@gmail.com,police officer
420,Ada,Waldron,Ada.Waldron@yopmail.com,Ada.Waldron@gmail.com,firefighter
421,Jillayne,Delila,Jillayne.Delila@yopmail.com,Jillayne.Delila@gmail.com,doctor
422,Aimil,Mitzi,Aimil.Mitzi@yopmail.com,Aimil.Mitzi@gmail.com,worker
423,Rozele,Cyrie,Rozele.Cyrie@yopmail.com,Rozele.Cyrie@gmail.com,police officer
424,Anallese,O'Neill,Anallese.O'Neill@yopmail.com,Anallese.O'Neill@gmail.com,doctor
425,Laure,Earlie,Laure.Earlie@yopmail.com,Laure.Earlie@gmail.com,firefighter
426,Kathy,Tryck,Kathy.Tryck@yopmail.com,Kathy.Tryck@gmail.com,doctor
427,Britte,Denis,Britte.Denis@yopmail.com,Britte.Denis@gmail.com,doctor
428,Laurene,Aida,Laurene.Aida@yopmail.com,Laurene.Aida@gmail.com,worker
429,Tamqrah,Elsinore,Tamqrah.Elsinore@yopmail.com,Tamqrah.Elsinore@gmail.com,firefighter
430,Merry,Tristram,Merry.Tristram@yopmail.com,Merry.Tristram@gmail.com,firefighter
431,Drucie,Emanuel,Drucie.Emanuel@yopmail.com,Drucie.Emanuel@gmail.com,police officer
432,Kaja,Erich,Kaja.Erich@yopmail.com,Kaja.Erich@gmail.com,doctor
433,Hermione,Merat,Hermione.Merat@yopmail.com,Hermione.Merat@gmail.com,worker
434,Mahalia,Schlosser,Mahalia.Schlosser@yopmail.com,Mahalia.Schlosser@gmail.com,firefighter
435,Anallese,Egbert,Anallese.Egbert@yopmail.com,Anallese.Egbert@gmail.com,developer
436,Gerianna,Stelle,Gerianna.Stelle@yopmail.com,Gerianna.Stelle@gmail.com,police officer
437,Viki,Whittaker,Viki.Whittaker@yopmail.com,Viki.Whittaker@gmail.com,firefighter
438,Alleen,Mich,Alleen.Mich@yopmail.com,Alleen.Mich@gmail.com,police officer
439,Elie,Docilla,Elie.Docilla@yopmail.com,Elie.Docilla@gmail.com,worker
440,Nickie,Goerke,Nickie.Goerke@yopmail.com,Nickie.Goerke@gmail.com,developer
441,Jany,Sharl,Jany.Sharl@yopmail.com,Jany.Sharl@gmail.com,firefighter
442,Nikki,Jary,Nikki.Jary@yopmail.com,Nikki.Jary@gmail.com,developer
443,Chrystel,Iiette,Chrystel.Iiette@yopmail.com,Chrystel.Iiette@gmail.com,police officer
444,Raina,Camden,Raina.Camden@yopmail.com,Raina.Camden@gmail.com,doctor
445,Lily,Smitt,Lily.Smitt@yopmail.com,Lily.Smitt@gmail.com,doctor
446,Brana,Soneson,Brana.Soneson@yopmail.com,Brana.Soneson@gmail.com,firefighter
447,Petronia,Kesley,Petronia.Kesley@yopmail.com,Petronia.Kesley@gmail.com,firefighter
448,Paule,Elisha,Paule.Elisha@yopmail.com,Paule.Elisha@gmail.com,firefighter
449,Nannie,Aloise,Nannie.Aloise@yopmail.com,Nannie.Aloise@gmail.com,doctor
450,Vere,Cristi,Vere.Cristi@yopmail.com,Vere.Cristi@gmail.com,doctor
451,Sybille,Shuler,Sybille.Shuler@yopmail.com,Sybille.Shuler@gmail.com,firefighter
452,Hannis,Schlosser,Hannis.Schlosser@yopmail.com,Hannis.Schlosser@gmail.com,doctor
453,Fidelia,Zina,Fidelia.Zina@yopmail.com,Fidelia.Zina@gmail.com,firefighter
454,Tabbatha,Noelyn,Tabbatha.Noelyn@yopmail.com,Tabbatha.Noelyn@gmail.com,doctor
455,Misha,Madaih,Misha.Madaih@yopmail.com,Misha.Madaih@gmail.com,developer
456,Consuela,Elephus,Consuela.Elephus@yopmail.com,Consuela.Elephus@gmail.com,police officer
457,Wanda,Mozelle,Wanda.Mozelle@yopmail.com,Wanda.Mozelle@gmail.com,police officer
458,Elbertina,Prouty,Elbertina.Prouty@yopmail.com,Elbertina.Prouty@gmail.com,worker
459,Judy,Mozelle,Judy.Mozelle@yopmail.com,Judy.Mozelle@gmail.com,police officer
460,Ida,Emanuel,Ida.Emanuel@yopmail.com,Ida.Emanuel@gmail.com,developer
461,Allis,Lowry,Allis.Lowry@yopmail.com,Allis.Lowry@gmail.com,firefighter
462,Rhea,Nicoline,Rhea.Nicoline@yopmail.com,Rhea.Nicoline@gmail.com,worker
463,Lacie,Kermit,Lacie.Kermit@yopmail.com,Lacie.Kermit@gmail.com,police officer
464,Goldie,Buffum,Goldie.Buffum@yopmail.com,Goldie.Buffum@gmail.com,firefighter
465,Blinni,Corrine,Blinni.Corrine@yopmail.com,Blinni.Corrine@gmail.com,doctor
466,Mathilda,Braun,Mathilda.Braun@yopmail.com,Mathilda.Braun@gmail.com,firefighter
467,Blondelle,Eachern,Blondelle.Eachern@yopmail.com,Blondelle.Eachern@gmail.com,police officer
468,Kylynn,Macey,Kylynn.Macey@yopmail.com,Kylynn.Macey@gmail.com,worker
469,Ernesta,Sheng,Ernesta.Sheng@yopmail.com,Ernesta.Sheng@gmail.com,firefighter
470,Berta,Roumell,Berta.Roumell@yopmail.com,Berta.Roumell@gmail.com,doctor
471,Vivia,Middleton,Vivia.Middleton@yopmail.com,Vivia.Middleton@gmail.com,police officer
472,Aryn,Holtz,Aryn.Holtz@yopmail.com,Aryn.Holtz@gmail.com,worker
473,Nita,Dudley,Nita.Dudley@yopmail.com,Nita.Dudley@gmail.com,police officer
474,Claresta,Jacinda,Claresta.Jacinda@yopmail.com,Claresta.Jacinda@gmail.com,worker
475,Sindee,Roarke,Sindee.Roarke@yopmail.com,Sindee.Roarke@gmail.com,developer
476,Babita,Edee,Babita.Edee@yopmail.com,Babita.Edee@gmail.com,police officer
477,Maurene,Raychel,Maurene.Raychel@yopmail.com,Maurene.Raychel@gmail.com,developer
478,Dione,Kelula,Dione.Kelula@yopmail.com,Dione.Kelula@gmail.com,firefighter
479,Raf,Faro,Raf.Faro@yopmail.com,Raf.Faro@gmail.com,police officer
480,Margarette,Chinua,Margarette.Chinua@yopmail.com,Margarette.Chinua@gmail.com,worker
481,Jaclyn,Genna,Jaclyn.Genna@yopmail.com,Jaclyn.Genna@gmail.com,worker
482,Sam,Daveta,Sam.Daveta@yopmail.com,Sam.Daveta@gmail.com,firefighter
483,Viki,McCutcheon,Viki.McCutcheon@yopmail.com,Viki.McCutcheon@gmail.com,developer
484,Philis,Emerson,Philis.Emerson@yopmail.com,Philis.Emerson@gmail.com,worker
485,Orelia,Anselmi,Orelia.Anselmi@yopmail.com,Orelia.Anselmi@gmail.com,developer
486,Lorie,Percy,Lorie.Percy@yopmail.com,Lorie.Percy@gmail.com,firefighter
487,Vivia,Larochelle,Vivia.Larochelle@yopmail.com,Vivia.Larochelle@gmail.com,police officer
488,Leeanne,Screens,Leeanne.Screens@yopmail.com,Leeanne.Screens@gmail.com,firefighter
489,Adore,Tjon,Adore.Tjon@yopmail.com,Adore.Tjon@gmail.com,worker
490,Gisela,Garlinda,Gisela.Garlinda@yopmail.com,Gisela.Garlinda@gmail.com,doctor
491,Nita,Nickola,Nita.Nickola@yopmail.com,Nita.Nickola@gmail.com,doctor
492,Roxane,Kelula,Roxane.Kelula@yopmail.com,Roxane.Kelula@gmail.com,developer
493,Rosabelle,Eldrid,Rosabelle.Eldrid@yopmail.com,Rosabelle.Eldrid@gmail.com,firefighter
494,Blake,Cleo,Blake.Cleo@yopmail.com,Blake.Cleo@gmail.com,police officer
495,Cathie,Gaspard,Cathie.Gaspard@yopmail.com,Cathie.Gaspard@gmail.com,police officer
496,Ardys,Roumell,Ardys.Roumell@yopmail.com,Ardys.Roumell@gmail.com,developer
497,Kayla,Dalli,Kayla.Dalli@yopmail.com,Kayla.Dalli@gmail.com,doctor
498,Felice,Vary,Felice.Vary@yopmail.com,Felice.Vary@gmail.com,police officer
499,Edee,Suanne,Edee.Suanne@yopmail.com,Edee.Suanne@gmail.com,police officer
500,Ashlee,Stover,Ashlee.Stover@yopmail.com,Ashlee.Stover@gmail.com,developer
501,Roberta,Callista,Roberta.Callista@yopmail.com,Roberta.Callista@gmail.com,worker
502,Albertina,Kendrick,Albertina.Kendrick@yopmail.com,Albertina.Kendrick@gmail.com,police officer
503,Fanny,Clie,Fanny.Clie@yopmail.com,Fanny.Clie@gmail.com,developer
504,Heddie,Melleta,Heddie.Melleta@yopmail.com,Heddie.Melleta@gmail.com,developer
505,Diena,Marijo,Diena.Marijo@yopmail.com,Diena.Marijo@gmail.com,worker
506,Corene,Wallis,Corene.Wallis@yopmail.com,Corene.Wallis@gmail.com,worker
507,Lusa,Lareena,Lusa.Lareena@yopmail.com,Lusa.Lareena@gmail.com,doctor
508,Gabi,Pelagias,Gabi.Pelagias@yopmail.com,Gabi.Pelagias@gmail.com,developer
509,Concettina,An,Concettina.An@yopmail.com,Concettina.An@gmail.com,police officer
510,Angelique,Uird,Angelique.Uird@yopmail.com,Angelique.Uird@gmail.com,worker
511,Elise,Thema,Elise.Thema@yopmail.com,Elise.Thema@gmail.com,firefighter
512,Kara-Lynn,Sancho,Kara-Lynn.Sancho@yopmail.com,Kara-Lynn.Sancho@gmail.com,firefighter
513,Willetta,Craggie,Willetta.Craggie@yopmail.com,Willetta.Craggie@gmail.com,doctor
514,Lonnie,Kathie,Lonnie.Kathie@yopmail.com,Lonnie.Kathie@gmail.com,doctor
515,Minne,Hourigan,Minne.Hourigan@yopmail.com,Minne.Hourigan@gmail.com,doctor
516,Janis,Paton,Janis.Paton@yopmail.com,Janis.Paton@gmail.com,doctor
517,Vita,Katrine,Vita.Katrine@yopmail.com,Vita.Katrine@gmail.com,firefighter
518,Lynea,Miru,Lynea.Miru@yopmail.com,Lynea.Miru@gmail.com,police officer
519,Flory,Rhu,Flory.Rhu@yopmail.com,Flory.Rhu@gmail.com,worker
520,Violet,Ammann,Violet.Ammann@yopmail.com,Violet.Ammann@gmail.com,police officer
521,Riannon,Ellord,Riannon.Ellord@yopmail.com,Riannon.Ellord@gmail.com,developer
522,Merci,Aprile,Merci.Aprile@yopmail.com,Merci.Aprile@gmail.com,police officer
523,Shirlee,Zola,Shirlee.Zola@yopmail.com,Shirlee.Zola@gmail.com,firefighter
524,Tani,McAdams,Tani.McAdams@yopmail.com,Tani.McAdams@gmail.com,police officer
525,Oralee,Baudin,Oralee.Baudin@yopmail.com,Oralee.Baudin@gmail.com,worker
526,Stephanie,Hermes,Stephanie.Hermes@yopmail.com,Stephanie.Hermes@gmail.com,worker
527,Devina,Rosalba,Devina.Rosalba@yopmail.com,Devina.Rosalba@gmail.com,developer
528,Elfreda,Naor,Elfreda.Naor@yopmail.com,Elfreda.Naor@gmail.com,worker
529,Diena,Aldric,Diena.Aldric@yopmail.com,Diena.Aldric@gmail.com,firefighter
530,Josephine,Avi,Josephine.Avi@yopmail.com,Josephine.Avi@gmail.com,police officer
531,Caritta,Old,Caritta.Old@yopmail.com,Caritta.Old@gmail.com,worker
532,Flory,Vanni,Flory.Vanni@yopmail.com,Flory.Vanni@gmail.com,police officer
533,Ada,Standing,Ada.Standing@yopmail.com,Ada.Standing@gmail.com,developer
534,Bobinette,Greenwald,Bobinette.Greenwald@yopmail.com,Bobinette.Greenwald@gmail.com,worker
535,Shannah,Irmine,Shannah.Irmine@yopmail.com,Shannah.Irmine@gmail.com,firefighter
536,Lexine,Voletta,Lexine.Voletta@yopmail.com,Lexine.Voletta@gmail.com,doctor
537,Dorthy,Fancie,Dorthy.Fancie@yopmail.com,Dorthy.Fancie@gmail.com,worker
538,Oralee,Bartlett,Oralee.Bartlett@yopmail.com,Oralee.Bartlett@gmail.com,worker
539,Gabi,Fleeta,Gabi.Fleeta@yopmail.com,Gabi.Fleeta@gmail.com,developer
540,Marjie,Jenness,Marjie.Jenness@yopmail.com,Marjie.Jenness@gmail.com,firefighter
541,Katharina,Zetta,Katharina.Zetta@yopmail.com,Katharina.Zetta@gmail.com,doctor
542,Jan,Karl,Jan.Karl@yopmail.com,Jan.Karl@gmail.com,developer
543,Liana,Revkah,Liana.Revkah@yopmail.com,Liana.Revkah@gmail.com,firefighter
544,Cacilie,Merat,Cacilie.Merat@yopmail.com,Cacilie.Merat@gmail.com,police officer
545,Helsa,Nisbet,Helsa.Nisbet@yopmail.com,Helsa.Nisbet@gmail.com,police officer
546,Jillayne,Hollingsworth,Jillayne.Hollingsworth@yopmail.com,Jillayne.Hollingsworth@gmail.com,worker
547,Karena,Woodberry,Karena.Woodberry@yopmail.com,Karena.Woodberry@gmail.com,developer
548,Valli,Salchunas,Valli.Salchunas@yopmail.com,Valli.Salchunas@gmail.com,police officer
549,Halette,Ludewig,Halette.Ludewig@yopmail.com,Halette.Ludewig@gmail.com,firefighter
550,Gerrie,Johnsson,Gerrie.Johnsson@yopmail.com,Gerrie.Johnsson@gmail.com,police officer
551,Katleen,Stuart,Katleen.Stuart@yopmail.com,Katleen.Stuart@gmail.com,developer
552,Magdalena,Gwenore,Magdalena.Gwenore@yopmail.com,Magdalena.Gwenore@gmail.com,developer
553,Marnia,Dimitris,Marnia.Dimitris@yopmail.com,Marnia.Dimitris@gmail.com,developer
554,Sindee,Cecile,Sindee.Cecile@yopmail.com,Sindee.Cecile@gmail.com,doctor
555,Maurene,Angelis,Maurene.Angelis@yopmail.com,Maurene.Angelis@gmail.com,police officer
556,Dagmar,Gregrory,Dagmar.Gregrory@yopmail.com,Dagmar.Gregrory@gmail.com,developer
557,Yvonne,Vorster,Yvonne.Vorster@yopmail.com,Yvonne.Vorster@gmail.com,developer
558,Thalia,Hurley,Thalia.Hurley@yopmail.com,Thalia.Hurley@gmail.com,police officer
559,Gratia,Sparhawk,Gratia.Sparhawk@yopmail.com,Gratia.Sparhawk@gmail.com,doctor
560,Angela,Susannah,Angela.Susannah@yopmail.com,Angela.Susannah@gmail.com,worker
561,Jaime,Rossner,Jaime.Rossner@yopmail.com,Jaime.Rossner@gmail.com,police officer
562,Cristine,Presber,Cristine.Presber@yopmail.com,Cristine.Presber@gmail.com,police officer
563,Natka,Ashok,Natka.Ashok@yopmail.com,Natka.Ashok@gmail.com,worker
564,Harrietta,Mike,Harrietta.Mike@yopmail.com,Harrietta.Mike@gmail.com,worker
565,Annice,Sparhawk,Annice.Sparhawk@yopmail.com,Annice.Sparhawk@gmail.com,firefighter
566,Jacenta,Saint,Jacenta.Saint@yopmail.com,Jacenta.Saint@gmail.com,doctor
567,Norine,Ioab,Norine.Ioab@yopmail.com,Norine.Ioab@gmail.com,doctor
568,Paulita,Herrera,Paulita.Herrera@yopmail.com,Paulita.Herrera@gmail.com,firefighter
569,Chandra,Damarra,Chandra.Damarra@yopmail.com,Chandra.Damarra@gmail.com,police officer
570,Carilyn,Hoban,Carilyn.Hoban@yopmail.com,Carilyn.Hoban@gmail.com,firefighter
571,Mireielle,Remmer,Mireielle.Remmer@yopmail.com,Mireielle.Remmer@gmail.com,police officer
572,Tybie,Lay,Tybie.Lay@yopmail.com,Tybie.Lay@gmail.com,developer
573,Jordan,Sherrie,Jordan.Sherrie@yopmail.com,Jordan.Sherrie@gmail.com,doctor
574,Kara-Lynn,Fabiola,Kara-Lynn.Fabiola@yopmail.com,Kara-Lynn.Fabiola@gmail.com,doctor
575,Doralynne,Pyle,Doralynne.Pyle@yopmail.com,Doralynne.Pyle@gmail.com,worker
576,Kassey,Bach,Kassey.Bach@yopmail.com,Kassey.Bach@gmail.com,developer
577,Shandie,Hertzfeld,Shandie.Hertzfeld@yopmail.com,Shandie.Hertzfeld@gmail.com,police officer
578,Gilligan,Kare,Gilligan.Kare@yopmail.com,Gilligan.Kare@gmail.com,worker
579,Farrah,Posner,Farrah.Posner@yopmail.com,Farrah.Posner@gmail.com,police officer
580,Candi,Septima,Candi.Septima@yopmail.com,Candi.Septima@gmail.com,worker
581,Roberta,Lamoree,Roberta.Lamoree@yopmail.com,Roberta.Lamoree@gmail.com,doctor
582,Edith,Swigart,Edith.Swigart@yopmail.com,Edith.Swigart@gmail.com,worker
583,Theodora,Eiser,Theodora.Eiser@yopmail.com,Theodora.Eiser@gmail.com,doctor
584,Ashlee,Lipson,Ashlee.Lipson@yopmail.com,Ashlee.Lipson@gmail.com,doctor
585,Frances,Erminia,Frances.Erminia@yopmail.com,Frances.Erminia@gmail.com,worker
586,Ursulina,Klotz,Ursulina.Klotz@yopmail.com,Ursulina.Klotz@gmail.com,firefighter
587,Carolina,Claudine,Carolina.Claudine@yopmail.com,Carolina.Claudine@gmail.com,doctor
588,Sam,Reneta,Sam.Reneta@yopmail.com,Sam.Reneta@gmail.com,police officer
589,Melina,Lasley,Melina.Lasley@yopmail.com,Melina.Lasley@gmail.com,developer
590,Siana,Haerr,Siana.Haerr@yopmail.com,Siana.Haerr@gmail.com,worker
591,Misha,Koehler,Misha.Koehler@yopmail.com,Misha.Koehler@gmail.com,developer
592,Ana,Tybald,Ana.Tybald@yopmail.com,Ana.Tybald@gmail.com,police officer
593,Wilma,Tyson,Wilma.Tyson@yopmail.com,Wilma.Tyson@gmail.com,police officer
594,Averyl,Ulphia,Averyl.Ulphia@yopmail.com,Averyl.Ulphia@gmail.com,developer
595,Lelah,Sundin,Lelah.Sundin@yopmail.com,Lelah.Sundin@gmail.com,developer
596,Jerry,Grobe,Jerry.Grobe@yopmail.com,Jerry.Grobe@gmail.com,firefighter
597,Sandie,Ambrosia,Sandie.Ambrosia@yopmail.com,Sandie.Ambrosia@gmail.com,worker
598,Kirbee,Roxanna,Kirbee.Roxanna@yopmail.com,Kirbee.Roxanna@gmail.com,firefighter
599,Amii,Raseda,Amii.Raseda@yopmail.com,Amii.Raseda@gmail.com,worker
600,Elyssa,Ball,Elyssa.Ball@yopmail.com,Elyssa.Ball@gmail.com,doctor
601,Lauryn,Desai,Lauryn.Desai@yopmail.com,Lauryn.Desai@gmail.com,developer
602,Shandie,Klotz,Shandie.Klotz@yopmail.com,Shandie.Klotz@gmail.com,doctor
603,Ninnetta,Joli,Ninnetta.Joli@yopmail.com,Ninnetta.Joli@gmail.com,police officer
604,Sheelagh,Othilia,Sheelagh.Othilia@yopmail.com,Sheelagh.Othilia@gmail.com,firefighter
605,Janey,Wilkinson,Janey.Wilkinson@yopmail.com,Janey.Wilkinson@gmail.com,developer
606,Dale,Loleta,Dale.Loleta@yopmail.com,Dale.Loleta@gmail.com,worker
607,Celisse,Grimbly,Celisse.Grimbly@yopmail.com,Celisse.Grimbly@gmail.com,doctor
608,Tracey,Anis,Tracey.Anis@yopmail.com,Tracey.Anis@gmail.com,police officer
609,Hallie,Terrence,Hallie.Terrence@yopmail.com,Hallie.Terrence@gmail.com,worker
610,Courtnay,Edvard,Courtnay.Edvard@yopmail.com,Courtnay.Edvard@gmail.com,doctor
611,Lonnie,Socha,Lonnie.Socha@yopmail.com,Lonnie.Socha@gmail.com,firefighter
612,Rosaline,Leler,Rosaline.Leler@yopmail.com,Rosaline.Leler@gmail.com,worker
613,Flory,Kylander,Flory.Kylander@yopmail.com,Flory.Kylander@gmail.com,firefighter
614,Joane,Pacorro,Joane.Pacorro@yopmail.com,Joane.Pacorro@gmail.com,developer
615,Gisela,Lay,Gisela.Lay@yopmail.com,Gisela.Lay@gmail.com,doctor
616,Riannon,Carvey,Riannon.Carvey@yopmail.com,Riannon.Carvey@gmail.com,police officer
617,Beatriz,Yuille,Beatriz.Yuille@yopmail.com,Beatriz.Yuille@gmail.com,developer
618,Linzy,Emanuel,Linzy.Emanuel@yopmail.com,Linzy.Emanuel@gmail.com,police officer
619,Maye,Colp,Maye.Colp@yopmail.com,Maye.Colp@gmail.com,police officer
620,Charlena,Even,Charlena.Even@yopmail.com,Charlena.Even@gmail.com,doctor
621,Pierette,Vivle,Pierette.Vivle@yopmail.com,Pierette.Vivle@gmail.com,doctor
622,Cathyleen,Hamil,Cathyleen.Hamil@yopmail.com,Cathyleen.Hamil@gmail.com,developer
623,Miquela,Guthrie,Miquela.Guthrie@yopmail.com,Miquela.Guthrie@gmail.com,police officer
624,Janenna,Carolin,Janenna.Carolin@yopmail.com,Janenna.Carolin@gmail.com,worker
625,Corly,Clywd,Corly.Clywd@yopmail.com,Corly.Clywd@gmail.com,doctor
626,Queenie,Hillel,Queenie.Hillel@yopmail.com,Queenie.Hillel@gmail.com,doctor
627,Nessie,Clara,Nessie.Clara@yopmail.com,Nessie.Clara@gmail.com,police officer
628,Hannis,Zetta,Hannis.Zetta@yopmail.com,Hannis.Zetta@gmail.com,developer
629,Carolina,Eno,Carolina.Eno@yopmail.com,Carolina.Eno@gmail.com,developer
630,Cassandra,Nester,Cassandra.Nester@yopmail.com,Cassandra.Nester@gmail.com,worker
631,Dianemarie,Pulsifer,Dianemarie.Pulsifer@yopmail.com,Dianemarie.Pulsifer@gmail.com,firefighter
632,Kellen,Hoban,Kellen.Hoban@yopmail.com,Kellen.Hoban@gmail.com,worker
633,Gilda,Wenda,Gilda.Wenda@yopmail.com,Gilda.Wenda@gmail.com,developer
634,Randa,Joeann,Randa.Joeann@yopmail.com,Randa.Joeann@gmail.com,firefighter
635,Arlena,Desai,Arlena.Desai@yopmail.com,Arlena.Desai@gmail.com,police officer
636,Bibby,Cloris,Bibby.Cloris@yopmail.com,Bibby.Cloris@gmail.com,doctor
637,Jemie,Tufts,Jemie.Tufts@yopmail.com,Jemie.Tufts@gmail.com,worker
638,Delilah,Bluh,Delilah.Bluh@yopmail.com,Delilah.Bluh@gmail.com,developer
639,Alie,Thunell,Alie.Thunell@yopmail.com,Alie.Thunell@gmail.com,worker
640,Oona,Rosemary,Oona.Rosemary@yopmail.com,Oona.Rosemary@gmail.com,developer
641,Moyna,Kristi,Moyna.Kristi@yopmail.com,Moyna.Kristi@gmail.com,firefighter
642,Sophia,Keelia,Sophia.Keelia@yopmail.com,Sophia.Keelia@gmail.com,firefighter
643,Tarra,Concha,Tarra.Concha@yopmail.com,Tarra.Concha@gmail.com,developer
644,Katharina,Michella,Katharina.Michella@yopmail.com,Katharina.Michella@gmail.com,worker
645,Madelle,Cosenza,Madelle.Cosenza@yopmail.com,Madelle.Cosenza@gmail.com,doctor
646,Livvyy,Brodench,Livvyy.Brodench@yopmail.com,Livvyy.Brodench@gmail.com,doctor
647,Adriana,Papageno,Adriana.Papageno@yopmail.com,Adriana.Papageno@gmail.com,firefighter
648,Philis,Florina,Philis.Florina@yopmail.com,Philis.Florina@gmail.com,firefighter
649,Katleen,Grosz,Katleen.Grosz@yopmail.com,Katleen.Grosz@gmail.com,developer
650,Doro,Schwejda,Doro.Schwejda@yopmail.com,Doro.Schwejda@gmail.com,police officer
651,Rayna,Girardo,Rayna.Girardo@yopmail.com,Rayna.Girardo@gmail.com,firefighter
652,Blondelle,Toni,Blondelle.Toni@yopmail.com,Blondelle.Toni@gmail.com,worker
653,Linet,Raama,Linet.Raama@yopmail.com,Linet.Raama@gmail.com,worker
654,Heddie,Macey,Heddie.Macey@yopmail.com,Heddie.Macey@gmail.com,worker
655,Cam,Bow,Cam.Bow@yopmail.com,Cam.Bow@gmail.com,developer
656,Juliane,Skurnik,Juliane.Skurnik@yopmail.com,Juliane.Skurnik@gmail.com,developer
657,Aurore,Goode,Aurore.Goode@yopmail.com,Aurore.Goode@gmail.com,police officer
658,Lucy,Ludewig,Lucy.Ludewig@yopmail.com,Lucy.Ludewig@gmail.com,developer
659,Brandise,Roumell,Brandise.Roumell@yopmail.com,Brandise.Roumell@gmail.com,developer
660,Cherrita,Arley,Cherrita.Arley@yopmail.com,Cherrita.Arley@gmail.com,doctor
661,Kalina,Mayeda,Kalina.Mayeda@yopmail.com,Kalina.Mayeda@gmail.com,doctor
662,Concettina,Sallyann,Concettina.Sallyann@yopmail.com,Concettina.Sallyann@gmail.com,doctor
663,Alisha,Lindemann,Alisha.Lindemann@yopmail.com,Alisha.Lindemann@gmail.com,worker
664,Ingrid,Maples,Ingrid.Maples@yopmail.com,Ingrid.Maples@gmail.com,firefighter
665,Ivett,Fleeta,Ivett.Fleeta@yopmail.com,Ivett.Fleeta@gmail.com,firefighter
666,Edee,Vary,Edee.Vary@yopmail.com,Edee.Vary@gmail.com,police officer
667,Joleen,Sekofski,Joleen.Sekofski@yopmail.com,Joleen.Sekofski@gmail.com,police officer
668,Britte,Amasa,Britte.Amasa@yopmail.com,Britte.Amasa@gmail.com,worker
669,Netty,Grobe,Netty.Grobe@yopmail.com,Netty.Grobe@gmail.com,police officer
670,Mariann,Angelis,Mariann.Angelis@yopmail.com,Mariann.Angelis@gmail.com,developer
671,Vanessa,Craggie,Vanessa.Craggie@yopmail.com,Vanessa.Craggie@gmail.com,worker
672,Raquela,Delila,Raquela.Delila@yopmail.com,Raquela.Delila@gmail.com,firefighter
673,Deedee,Gualtiero,Deedee.Gualtiero@yopmail.com,Deedee.Gualtiero@gmail.com,worker
674,Moyna,Halsey,Moyna.Halsey@yopmail.com,Moyna.Halsey@gmail.com,worker
675,Rayna,Vivle,Rayna.Vivle@yopmail.com,Rayna.Vivle@gmail.com,police officer
676,Kylynn,Wesle,Kylynn.Wesle@yopmail.com,Kylynn.Wesle@gmail.com,worker
677,Ardenia,Gerge,Ardenia.Gerge@yopmail.com,Ardenia.Gerge@gmail.com,police officer
678,Reeba,Marsden,Reeba.Marsden@yopmail.com,Reeba.Marsden@gmail.com,police officer
679,Cyndie,Llovera,Cyndie.Llovera@yopmail.com,Cyndie.Llovera@gmail.com,police officer
680,Leeanne,Magdalen,Leeanne.Magdalen@yopmail.com,Leeanne.Magdalen@gmail.com,doctor
681,Paola,Natica,Paola.Natica@yopmail.com,Paola.Natica@gmail.com,police officer
682,Lynnea,Craggie,Lynnea.Craggie@yopmail.com,Lynnea.Craggie@gmail.com,developer
683,Madeleine,Soneson,Madeleine.Soneson@yopmail.com,Madeleine.Soneson@gmail.com,worker
684,Layla,Gahl,Layla.Gahl@yopmail.com,Layla.Gahl@gmail.com,worker
685,Selma,Orpah,Selma.Orpah@yopmail.com,Selma.Orpah@gmail.com,worker
686,Barbara,Vilma,Barbara.Vilma@yopmail.com,Barbara.Vilma@gmail.com,police officer
687,Jasmina,Adlare,Jasmina.Adlare@yopmail.com,Jasmina.Adlare@gmail.com,worker
688,Tani,Georgy,Tani.Georgy@yopmail.com,Tani.Georgy@gmail.com,doctor
689,Charissa,Solitta,Charissa.Solitta@yopmail.com,Charissa.Solitta@gmail.com,worker
690,Vinita,Sheedy,Vinita.Sheedy@yopmail.com,Vinita.Sheedy@gmail.com,worker
691,Jany,Holbrook,Jany.Holbrook@yopmail.com,Jany.Holbrook@gmail.com,worker
692,Livvyy,Old,Livvyy.Old@yopmail.com,Livvyy.Old@gmail.com,police officer
693,Oona,Niles,Oona.Niles@yopmail.com,Oona.Niles@gmail.com,doctor
694,Sandie,Chick,Sandie.Chick@yopmail.com,Sandie.Chick@gmail.com,worker
695,Tori,Abbot,Tori.Abbot@yopmail.com,Tori.Abbot@gmail.com,firefighter
696,Thalia,Riva,Thalia.Riva@yopmail.com,Thalia.Riva@gmail.com,police officer
697,Theodora,Imelida,Theodora.Imelida@yopmail.com,Theodora.Imelida@gmail.com,doctor
698,Annabela,Mauer,Annabela.Mauer@yopmail.com,Annabela.Mauer@gmail.com,worker
699,Phylis,Leffen,Phylis.Leffen@yopmail.com,Phylis.Leffen@gmail.com,firefighter
700,Merle,Naashom,Merle.Naashom@yopmail.com,Merle.Naashom@gmail.com,firefighter
701,Frances,Suanne,Frances.Suanne@yopmail.com,Frances.Suanne@gmail.com,worker
702,Edee,Koehler,Edee.Koehler@yopmail.com,Edee.Koehler@gmail.com,developer
703,Catharine,Vanni,Catharine.Vanni@yopmail.com,Catharine.Vanni@gmail.com,worker
704,Nannie,Anastatius,Nannie.Anastatius@yopmail.com,Nannie.Anastatius@gmail.com,firefighter
705,Eve,Baptlsta,Eve.Baptlsta@yopmail.com,Eve.Baptlsta@gmail.com,firefighter
706,Ida,Maxi,Ida.Maxi@yopmail.com,Ida.Maxi@gmail.com,police officer
707,Kristan,Lewes,Kristan.Lewes@yopmail.com,Kristan.Lewes@gmail.com,doctor
708,Rhoda,Elsinore,Rhoda.Elsinore@yopmail.com,Rhoda.Elsinore@gmail.com,doctor
709,Tatiania,LaRue,Tatiania.LaRue@yopmail.com,Tatiania.LaRue@gmail.com,developer
710,Tani,Eliathas,Tani.Eliathas@yopmail.com,Tani.Eliathas@gmail.com,firefighter
711,Margette,Skurnik,Margette.Skurnik@yopmail.com,Margette.Skurnik@gmail.com,worker
712,Penelopa,Atcliffe,Penelopa.Atcliffe@yopmail.com,Penelopa.Atcliffe@gmail.com,firefighter
713,Andeee,Dielu,Andeee.Dielu@yopmail.com,Andeee.Dielu@gmail.com,doctor
714,Iseabal,Wildermuth,Iseabal.Wildermuth@yopmail.com,Iseabal.Wildermuth@gmail.com,firefighter
715,Larine,Erminia,Larine.Erminia@yopmail.com,Larine.Erminia@gmail.com,developer
716,Adore,Hertzfeld,Adore.Hertzfeld@yopmail.com,Adore.Hertzfeld@gmail.com,worker
717,Moyna,Giule,Moyna.Giule@yopmail.com,Moyna.Giule@gmail.com,firefighter
718,Olwen,Haerr,Olwen.Haerr@yopmail.com,Olwen.Haerr@gmail.com,doctor
719,Petronia,Nadia,Petronia.Nadia@yopmail.com,Petronia.Nadia@gmail.com,worker
720,Tybie,An,Tybie.An@yopmail.com,Tybie.An@gmail.com,worker
721,Gretal,Leonard,Gretal.Leonard@yopmail.com,Gretal.Leonard@gmail.com,police officer
722,Pollyanna,Artie,Pollyanna.Artie@yopmail.com,Pollyanna.Artie@gmail.com,police officer
723,Randa,Rona,Randa.Rona@yopmail.com,Randa.Rona@gmail.com,doctor
724,Lanna,Roscoe,Lanna.Roscoe@yopmail.com,Lanna.Roscoe@gmail.com,developer
725,Angelique,Ovid,Angelique.Ovid@yopmail.com,Angelique.Ovid@gmail.com,doctor
726,Suzette,Elvyn,Suzette.Elvyn@yopmail.com,Suzette.Elvyn@gmail.com,developer
727,Frank,Pond,Frank.Pond@yopmail.com,Frank.Pond@gmail.com,doctor
728,Daune,Heisel,Daune.Heisel@yopmail.com,Daune.Heisel@gmail.com,developer
729,Meriel,Maiah,Meriel.Maiah@yopmail.com,Meriel.Maiah@gmail.com,worker
730,Nataline,Bigner,Nataline.Bigner@yopmail.com,Nataline.Bigner@gmail.com,firefighter
731,Viki,Wesle,Viki.Wesle@yopmail.com,Viki.Wesle@gmail.com,firefighter
732,Brana,Gwenore,Brana.Gwenore@yopmail.com,Brana.Gwenore@gmail.com,firefighter
733,Nerta,Susannah,Nerta.Susannah@yopmail.com,Nerta.Susannah@gmail.com,firefighter
734,Ethel,Keelia,Ethel.Keelia@yopmail.com,Ethel.Keelia@gmail.com,doctor
735,Gloria,Brotherson,Gloria.Brotherson@yopmail.com,Gloria.Brotherson@gmail.com,developer
736,Cecile,Gilmour,Cecile.Gilmour@yopmail.com,Cecile.Gilmour@gmail.com,doctor
737,Sissy,Stephie,Sissy.Stephie@yopmail.com,Sissy.Stephie@gmail.com,worker
738,Dode,Amadas,Dode.Amadas@yopmail.com,Dode.Amadas@gmail.com,firefighter
739,Ermengarde,Aurelio,Ermengarde.Aurelio@yopmail.com,Ermengarde.Aurelio@gmail.com,police officer
740,Marinna,Henebry,Marinna.Henebry@yopmail.com,Marinna.Henebry@gmail.com,firefighter
741,Deane,Bari,Deane.Bari@yopmail.com,Deane.Bari@gmail.com,doctor
742,Viki,Verger,Viki.Verger@yopmail.com,Viki.Verger@gmail.com,police officer
743,Brooks,Therine,Brooks.Therine@yopmail.com,Brooks.Therine@gmail.com,firefighter
744,Julieta,Bonilla,Julieta.Bonilla@yopmail.com,Julieta.Bonilla@gmail.com,doctor
745,Penelopa,Kauppi,Penelopa.Kauppi@yopmail.com,Penelopa.Kauppi@gmail.com,worker
746,Annora,Toni,Annora.Toni@yopmail.com,Annora.Toni@gmail.com,police officer
747,Aaren,Henebry,Aaren.Henebry@yopmail.com,Aaren.Henebry@gmail.com,doctor
748,Sophia,Xerxes,Sophia.Xerxes@yopmail.com,Sophia.Xerxes@gmail.com,doctor
749,Marleah,Horan,Marleah.Horan@yopmail.com,Marleah.Horan@gmail.com,police officer
750,Norine,Lorain,Norine.Lorain@yopmail.com,Norine.Lorain@gmail.com,doctor
751,Libbie,Jammal,Libbie.Jammal@yopmail.com,Libbie.Jammal@gmail.com,police officer
752,Tracey,Wandie,Tracey.Wandie@yopmail.com,Tracey.Wandie@gmail.com,police officer
753,Jemie,Uund,Jemie.Uund@yopmail.com,Jemie.Uund@gmail.com,worker
754,Micheline,Elisha,Micheline.Elisha@yopmail.com,Micheline.Elisha@gmail.com,police officer
755,Frieda,Lunsford,Frieda.Lunsford@yopmail.com,Frieda.Lunsford@gmail.com,firefighter
756,Marika,Myrilla,Marika.Myrilla@yopmail.com,Marika.Myrilla@gmail.com,doctor
757,Brianna,Verger,Brianna.Verger@yopmail.com,Brianna.Verger@gmail.com,developer
758,Florie,Rossner,Florie.Rossner@yopmail.com,Florie.Rossner@gmail.com,developer
759,Tomasina,Flita,Tomasina.Flita@yopmail.com,Tomasina.Flita@gmail.com,worker
760,Gale,Urias,Gale.Urias@yopmail.com,Gale.Urias@gmail.com,firefighter
761,Chere,Stover,Chere.Stover@yopmail.com,Chere.Stover@gmail.com,police officer
762,Rayna,Wenoa,Rayna.Wenoa@yopmail.com,Rayna.Wenoa@gmail.com,police officer
763,Millie,Corabella,Millie.Corabella@yopmail.com,Millie.Corabella@gmail.com,firefighter
764,Ira,Sisile,Ira.Sisile@yopmail.com,Ira.Sisile@gmail.com,doctor
765,Ottilie,Olnee,Ottilie.Olnee@yopmail.com,Ottilie.Olnee@gmail.com,developer
766,Karena,Marijo,Karena.Marijo@yopmail.com,Karena.Marijo@gmail.com,doctor
767,Marleah,Liva,Marleah.Liva@yopmail.com,Marleah.Liva@gmail.com,developer
768,Vonny,Maiah,Vonny.Maiah@yopmail.com,Vonny.Maiah@gmail.com,developer
769,Madalyn,Swanhildas,Madalyn.Swanhildas@yopmail.com,Madalyn.Swanhildas@gmail.com,police officer
770,Marline,Ranjiv,Marline.Ranjiv@yopmail.com,Marline.Ranjiv@gmail.com,worker
771,Christy,Pandolfi,Christy.Pandolfi@yopmail.com,Christy.Pandolfi@gmail.com,developer
772,Deirdre,Reinke,Deirdre.Reinke@yopmail.com,Deirdre.Reinke@gmail.com,developer
773,Riannon,Remmer,Riannon.Remmer@yopmail.com,Riannon.Remmer@gmail.com,firefighter
774,Jeanna,Seessel,Jeanna.Seessel@yopmail.com,Jeanna.Seessel@gmail.com,doctor
775,Goldie,Rustice,Goldie.Rustice@yopmail.com,Goldie.Rustice@gmail.com,firefighter
776,Brianna,Lilybelle,Brianna.Lilybelle@yopmail.com,Brianna.Lilybelle@gmail.com,doctor
777,Mureil,Creamer,Mureil.Creamer@yopmail.com,Mureil.Creamer@gmail.com,firefighter
778,Kathi,Seessel,Kathi.Seessel@yopmail.com,Kathi.Seessel@gmail.com,doctor
779,Farrah,Levey,Farrah.Levey@yopmail.com,Farrah.Levey@gmail.com,firefighter
780,Evita,Ellord,Evita.Ellord@yopmail.com,Evita.Ellord@gmail.com,firefighter
781,Tori,Adalbert,Tori.Adalbert@yopmail.com,Tori.Adalbert@gmail.com,firefighter
782,Sonni,Audly,Sonni.Audly@yopmail.com,Sonni.Audly@gmail.com,firefighter
783,Dione,Tound,Dione.Tound@yopmail.com,Dione.Tound@gmail.com,developer
784,Giustina,Edvard,Giustina.Edvard@yopmail.com,Giustina.Edvard@gmail.com,developer
785,Chastity,Frodi,Chastity.Frodi@yopmail.com,Chastity.Frodi@gmail.com,worker
786,Vita,Presber,Vita.Presber@yopmail.com,Vita.Presber@gmail.com,doctor
787,Augustine,Wittie,Augustine.Wittie@yopmail.com,Augustine.Wittie@gmail.com,firefighter
788,Miquela,Kirstin,Miquela.Kirstin@yopmail.com,Miquela.Kirstin@gmail.com,doctor
789,Jan,Ashok,Jan.Ashok@yopmail.com,Jan.Ashok@gmail.com,developer
790,Chickie,Juan,Chickie.Juan@yopmail.com,Chickie.Juan@gmail.com,worker
791,Fawne,Byrne,Fawne.Byrne@yopmail.com,Fawne.Byrne@gmail.com,firefighter
792,Quintina,Terencio,Quintina.Terencio@yopmail.com,Quintina.Terencio@gmail.com,firefighter
793,Lory,Han,Lory.Han@yopmail.com,Lory.Han@gmail.com,worker
794,Tressa,Rosalba,Tressa.Rosalba@yopmail.com,Tressa.Rosalba@gmail.com,doctor
795,Annice,Alabaster,Annice.Alabaster@yopmail.com,Annice.Alabaster@gmail.com,developer
796,Mahalia,Toor,Mahalia.Toor@yopmail.com,Mahalia.Toor@gmail.com,worker
797,Genevra,Hessler,Genevra.Hessler@yopmail.com,Genevra.Hessler@gmail.com,firefighter
798,Merry,Dorcy,Merry.Dorcy@yopmail.com,Merry.Dorcy@gmail.com,doctor
799,Vinita,Jenness,Vinita.Jenness@yopmail.com,Vinita.Jenness@gmail.com,doctor
800,Brandise,Raama,Brandise.Raama@yopmail.com,Brandise.Raama@gmail.com,police officer
801,Tonia,Bandeen,Tonia.Bandeen@yopmail.com,Tonia.Bandeen@gmail.com,police officer
802,Kellen,Valoniah,Kellen.Valoniah@yopmail.com,Kellen.Valoniah@gmail.com,doctor
803,Jennica,Lytton,Jennica.Lytton@yopmail.com,Jennica.Lytton@gmail.com,firefighter
804,Shaylyn,Idelia,Shaylyn.Idelia@yopmail.com,Shaylyn.Idelia@gmail.com,developer
805,Paulita,Hylan,Paulita.Hylan@yopmail.com,Paulita.Hylan@gmail.com,doctor
806,Ann-Marie,Lilybelle,Ann-Marie.Lilybelle@yopmail.com,Ann-Marie.Lilybelle@gmail.com,police officer
807,Cordi,Huggins,Cordi.Huggins@yopmail.com,Cordi.Huggins@gmail.com,worker
808,Jemie,Ariella,Jemie.Ariella@yopmail.com,Jemie.Ariella@gmail.com,doctor
809,Trixi,Scammon,Trixi.Scammon@yopmail.com,Trixi.Scammon@gmail.com,worker
810,Etta,Tarrant,Etta.Tarrant@yopmail.com,Etta.Tarrant@gmail.com,doctor
811,Asia,Martguerita,Asia.Martguerita@yopmail.com,Asia.Martguerita@gmail.com,police officer
812,Cathie,Montgomery,Cathie.Montgomery@yopmail.com,Cathie.Montgomery@gmail.com,developer
813,Chickie,Leopold,Chickie.Leopold@yopmail.com,Chickie.Leopold@gmail.com,firefighter
814,Mathilda,Girardo,Mathilda.Girardo@yopmail.com,Mathilda.Girardo@gmail.com,worker
815,Pierette,Friede,Pierette.Friede@yopmail.com,Pierette.Friede@gmail.com,police officer
816,Modestia,Ardeha,Modestia.Ardeha@yopmail.com,Modestia.Ardeha@gmail.com,firefighter
817,Ericka,Madaih,Ericka.Madaih@yopmail.com,Ericka.Madaih@gmail.com,worker
818,Rani,Joseph,Rani.Joseph@yopmail.com,Rani.Joseph@gmail.com,doctor
819,Brianna,Felecia,Brianna.Felecia@yopmail.com,Brianna.Felecia@gmail.com,firefighter
820,Daune,Evvie,Daune.Evvie@yopmail.com,Daune.Evvie@gmail.com,doctor
821,Hildegaard,Genna,Hildegaard.Genna@yopmail.com,Hildegaard.Genna@gmail.com,police officer
822,Dorothy,Payson,Dorothy.Payson@yopmail.com,Dorothy.Payson@gmail.com,police officer
823,Meriel,Delila,Meriel.Delila@yopmail.com,Meriel.Delila@gmail.com,firefighter
824,Paule,Croix,Paule.Croix@yopmail.com,Paule.Croix@gmail.com,worker
825,Aimil,Yusuk,Aimil.Yusuk@yopmail.com,Aimil.Yusuk@gmail.com,firefighter
826,Lenna,Bonilla,Lenna.Bonilla@yopmail.com,Lenna.Bonilla@gmail.com,firefighter
827,Dode,Tyson,Dode.Tyson@yopmail.com,Dode.Tyson@gmail.com,police officer
828,Marti,Laurianne,Marti.Laurianne@yopmail.com,Marti.Laurianne@gmail.com,police officer
829,Brena,Hieronymus,Brena.Hieronymus@yopmail.com,Brena.Hieronymus@gmail.com,worker
830,Mary,Seumas,Mary.Seumas@yopmail.com,Mary.Seumas@gmail.com,worker
831,Ericka,Forrer,Ericka.Forrer@yopmail.com,Ericka.Forrer@gmail.com,firefighter
832,Bibby,An,Bibby.An@yopmail.com,Bibby.An@gmail.com,firefighter
833,Alia,Malvino,Alia.Malvino@yopmail.com,Alia.Malvino@gmail.com,police officer
834,Aaren,Willie,Aaren.Willie@yopmail.com,Aaren.Willie@gmail.com,police officer
835,Nannie,Peg,Nannie.Peg@yopmail.com,Nannie.Peg@gmail.com,developer
836,Brana,Lindemann,Brana.Lindemann@yopmail.com,Brana.Lindemann@gmail.com,firefighter
837,Frances,Colp,Frances.Colp@yopmail.com,Frances.Colp@gmail.com,firefighter
838,Tarra,Velick,Tarra.Velick@yopmail.com,Tarra.Velick@gmail.com,worker
839,Gwenneth,My,Gwenneth.My@yopmail.com,Gwenneth.My@gmail.com,firefighter
840,Kayla,Clywd,Kayla.Clywd@yopmail.com,Kayla.Clywd@gmail.com,worker
841,Edee,Pandolfi,Edee.Pandolfi@yopmail.com,Edee.Pandolfi@gmail.com,doctor
842,Renie,Calhoun,Renie.Calhoun@yopmail.com,Renie.Calhoun@gmail.com,firefighter
843,Kittie,Drisko,Kittie.Drisko@yopmail.com,Kittie.Drisko@gmail.com,doctor
844,Tabbatha,Imelida,Tabbatha.Imelida@yopmail.com,Tabbatha.Imelida@gmail.com,developer
845,Evita,Terencio,Evita.Terencio@yopmail.com,Evita.Terencio@gmail.com,doctor
846,Kara-Lynn,Destinee,Kara-Lynn.Destinee@yopmail.com,Kara-Lynn.Destinee@gmail.com,doctor
847,Althea,Ledah,Althea.Ledah@yopmail.com,Althea.Ledah@gmail.com,doctor
848,Chastity,Gahl,Chastity.Gahl@yopmail.com,Chastity.Gahl@gmail.com,doctor
849,Deloria,Wenoa,Deloria.Wenoa@yopmail.com,Deloria.Wenoa@gmail.com,developer
850,Catharine,Kirstin,Catharine.Kirstin@yopmail.com,Catharine.Kirstin@gmail.com,worker
851,Kittie,Urias,Kittie.Urias@yopmail.com,Kittie.Urias@gmail.com,developer
852,Annora,Reneta,Annora.Reneta@yopmail.com,Annora.Reneta@gmail.com,firefighter
853,Jaclyn,Waldron,Jaclyn.Waldron@yopmail.com,Jaclyn.Waldron@gmail.com,worker
854,Claudina,Aida,Claudina.Aida@yopmail.com,Claudina.Aida@gmail.com,developer
855,Catrina,Tound,Catrina.Tound@yopmail.com,Catrina.Tound@gmail.com,worker
856,Asia,Lumbard,Asia.Lumbard@yopmail.com,Asia.Lumbard@gmail.com,firefighter
857,Rayna,Grayce,Rayna.Grayce@yopmail.com,Rayna.Grayce@gmail.com,doctor
858,Veda,Munn,Veda.Munn@yopmail.com,Veda.Munn@gmail.com,developer
859,Delilah,Sikorski,Delilah.Sikorski@yopmail.com,Delilah.Sikorski@gmail.com,doctor
860,Dari,Shanley,Dari.Shanley@yopmail.com,Dari.Shanley@gmail.com,police officer
861,Chloris,Pulsifer,Chloris.Pulsifer@yopmail.com,Chloris.Pulsifer@gmail.com,worker
862,Kristan,Ogren,Kristan.Ogren@yopmail.com,Kristan.Ogren@gmail.com,police officer
863,Belinda,Pip,Belinda.Pip@yopmail.com,Belinda.Pip@gmail.com,police officer
864,Marsiella,Beniamino,Marsiella.Beniamino@yopmail.com,Marsiella.Beniamino@gmail.com,firefighter
865,Ricky,Kinnard,Ricky.Kinnard@yopmail.com,Ricky.Kinnard@gmail.com,developer
866,Gui,Pond,Gui.Pond@yopmail.com,Gui.Pond@gmail.com,developer
867,Thalia,Chem,Thalia.Chem@yopmail.com,Thalia.Chem@gmail.com,worker
868,Calla,Plato,Calla.Plato@yopmail.com,Calla.Plato@gmail.com,developer
869,Shirlee,Sheedy,Shirlee.Sheedy@yopmail.com,Shirlee.Sheedy@gmail.com,developer
870,Carilyn,Ball,Carilyn.Ball@yopmail.com,Carilyn.Ball@gmail.com,worker
871,Edith,Rese,Edith.Rese@yopmail.com,Edith.Rese@gmail.com,doctor
872,Collen,Pitt,Collen.Pitt@yopmail.com,Collen.Pitt@gmail.com,police officer
873,Nikki,Joeann,Nikki.Joeann@yopmail.com,Nikki.Joeann@gmail.com,firefighter
874,Augustine,Jotham,Augustine.Jotham@yopmail.com,Augustine.Jotham@gmail.com,police officer
875,Joy,Ashok,Joy.Ashok@yopmail.com,Joy.Ashok@gmail.com,police officer
876,Inga,Waldron,Inga.Waldron@yopmail.com,Inga.Waldron@gmail.com,developer
877,Cyb,Ardra,Cyb.Ardra@yopmail.com,Cyb.Ardra@gmail.com,police officer
878,Kylynn,Daegal,Kylynn.Daegal@yopmail.com,Kylynn.Daegal@gmail.com,firefighter
879,Rhoda,Pascia,Rhoda.Pascia@yopmail.com,Rhoda.Pascia@gmail.com,police officer
880,Edyth,Ledah,Edyth.Ledah@yopmail.com,Edyth.Ledah@gmail.com,developer
881,Genevra,Girardo,Genevra.Girardo@yopmail.com,Genevra.Girardo@gmail.com,developer
882,Fred,Yoko,Fred.Yoko@yopmail.com,Fred.Yoko@gmail.com,developer
883,Pearline,Leffen,Pearline.Leffen@yopmail.com,Pearline.Leffen@gmail.com,police officer
884,Verla,Chapland,Verla.Chapland@yopmail.com,Verla.Chapland@gmail.com,developer
885,Ivett,Phaidra,Ivett.Phaidra@yopmail.com,Ivett.Phaidra@gmail.com,doctor
886,Kelly,Zaslow,Kelly.Zaslow@yopmail.com,Kelly.Zaslow@gmail.com,police officer
887,Helsa,Sothena,Helsa.Sothena@yopmail.com,Helsa.Sothena@gmail.com,police officer
888,Bobinette,Annabella,Bobinette.Annabella@yopmail.com,Bobinette.Annabella@gmail.com,police officer
889,Tressa,Burkle,Tressa.Burkle@yopmail.com,Tressa.Burkle@gmail.com,worker
890,Meriel,Sawtelle,Meriel.Sawtelle@yopmail.com,Meriel.Sawtelle@gmail.com,firefighter
891,Sidoney,Brackely,Sidoney.Brackely@yopmail.com,Sidoney.Brackely@gmail.com,worker
892,Myrtice,Terencio,Myrtice.Terencio@yopmail.com,Myrtice.Terencio@gmail.com,firefighter
893,Siana,Isacco,Siana.Isacco@yopmail.com,Siana.Isacco@gmail.com,doctor
894,Tiffie,Bonilla,Tiffie.Bonilla@yopmail.com,Tiffie.Bonilla@gmail.com,police officer
895,Ileana,Chobot,Ileana.Chobot@yopmail.com,Ileana.Chobot@gmail.com,firefighter
896,Iseabal,Minetta,Iseabal.Minetta@yopmail.com,Iseabal.Minetta@gmail.com,developer
897,Asia,Valoniah,Asia.Valoniah@yopmail.com,Asia.Valoniah@gmail.com,police officer
898,Tonia,Sidonius,Tonia.Sidonius@yopmail.com,Tonia.Sidonius@gmail.com,firefighter
899,Julieta,Tufts,Julieta.Tufts@yopmail.com,Julieta.Tufts@gmail.com,developer
900,Eadie,Erlandson,Eadie.Erlandson@yopmail.com,Eadie.Erlandson@gmail.com,developer
901,Marleah,Ovid,Marleah.Ovid@yopmail.com,Marleah.Ovid@gmail.com,developer
902,Ebonee,Saree,Ebonee.Saree@yopmail.com,Ebonee.Saree@gmail.com,police officer
903,Sue,Allina,Sue.Allina@yopmail.com,Sue.Allina@gmail.com,doctor
904,Ericka,Tound,Ericka.Tound@yopmail.com,Ericka.Tound@gmail.com,police officer
905,Ardenia,Euridice,Ardenia.Euridice@yopmail.com,Ardenia.Euridice@gmail.com,developer
906,Blake,Carlson,Blake.Carlson@yopmail.com,Blake.Carlson@gmail.com,police officer
907,Dode,Suanne,Dode.Suanne@yopmail.com,Dode.Suanne@gmail.com,worker
908,Karly,Bahr,Karly.Bahr@yopmail.com,Karly.Bahr@gmail.com,worker
909,Petronia,Olin,Petronia.Olin@yopmail.com,Petronia.Olin@gmail.com,firefighter
910,Joeann,Aldric,Joeann.Aldric@yopmail.com,Joeann.Aldric@gmail.com,doctor
911,Letizia,Brodench,Letizia.Brodench@yopmail.com,Letizia.Brodench@gmail.com,police officer
912,Susette,Carolin,Susette.Carolin@yopmail.com,Susette.Carolin@gmail.com,worker
913,Mary,Reidar,Mary.Reidar@yopmail.com,Mary.Reidar@gmail.com,firefighter
914,Chickie,Leffen,Chickie.Leffen@yopmail.com,Chickie.Leffen@gmail.com,developer
915,Mureil,Boehike,Mureil.Boehike@yopmail.com,Mureil.Boehike@gmail.com,firefighter
916,Patricia,Guthrie,Patricia.Guthrie@yopmail.com,Patricia.Guthrie@gmail.com,doctor
917,Yetty,Kinnard,Yetty.Kinnard@yopmail.com,Yetty.Kinnard@gmail.com,firefighter
918,Kellen,Lamoree,Kellen.Lamoree@yopmail.com,Kellen.Lamoree@gmail.com,police officer
919,Sindee,Haymes,Sindee.Haymes@yopmail.com,Sindee.Haymes@gmail.com,doctor
920,Tani,Corabella,Tani.Corabella@yopmail.com,Tani.Corabella@gmail.com,doctor
921,Luci,Alwin,Luci.Alwin@yopmail.com,Luci.Alwin@gmail.com,doctor
922,Lila,Aaberg,Lila.Aaberg@yopmail.com,Lila.Aaberg@gmail.com,developer
923,Damaris,Borrell,Damaris.Borrell@yopmail.com,Damaris.Borrell@gmail.com,firefighter
924,Vere,Diann,Vere.Diann@yopmail.com,Vere.Diann@gmail.com,worker
925,Roseline,Harday,Roseline.Harday@yopmail.com,Roseline.Harday@gmail.com,developer
926,Larine,Gilbertson,Larine.Gilbertson@yopmail.com,Larine.Gilbertson@gmail.com,doctor
927,Demetris,Oriana,Demetris.Oriana@yopmail.com,Demetris.Oriana@gmail.com,worker
928,Starla,Gherardo,Starla.Gherardo@yopmail.com,Starla.Gherardo@gmail.com,worker
929,Johna,Adamsen,Johna.Adamsen@yopmail.com,Johna.Adamsen@gmail.com,doctor
930,Hayley,Sidonius,Hayley.Sidonius@yopmail.com,Hayley.Sidonius@gmail.com,developer
931,Dorice,Liebermann,Dorice.Liebermann@yopmail.com,Dorice.Liebermann@gmail.com,worker
932,Chickie,Wolfgram,Chickie.Wolfgram@yopmail.com,Chickie.Wolfgram@gmail.com,police officer
933,Ardys,Goerke,Ardys.Goerke@yopmail.com,Ardys.Goerke@gmail.com,doctor
934,Louella,Nerita,Louella.Nerita@yopmail.com,Louella.Nerita@gmail.com,developer
935,Merci,Gahl,Merci.Gahl@yopmail.com,Merci.Gahl@gmail.com,worker
936,Peri,Emmy,Peri.Emmy@yopmail.com,Peri.Emmy@gmail.com,doctor
937,Maridel,Schroth,Maridel.Schroth@yopmail.com,Maridel.Schroth@gmail.com,firefighter
938,Felice,Kimmie,Felice.Kimmie@yopmail.com,Felice.Kimmie@gmail.com,worker
939,Tobe,Skurnik,Tobe.Skurnik@yopmail.com,Tobe.Skurnik@gmail.com,doctor
940,Albertina,Hazlett,Albertina.Hazlett@yopmail.com,Albertina.Hazlett@gmail.com,developer
941,Christy,Ietta,Christy.Ietta@yopmail.com,Christy.Ietta@gmail.com,police officer
942,Jacquetta,Valerio,Jacquetta.Valerio@yopmail.com,Jacquetta.Valerio@gmail.com,doctor
943,Layla,Olin,Layla.Olin@yopmail.com,Layla.Olin@gmail.com,worker
944,Camile,Fiester,Camile.Fiester@yopmail.com,Camile.Fiester@gmail.com,firefighter
945,Jaclyn,Means,Jaclyn.Means@yopmail.com,Jaclyn.Means@gmail.com,developer
946,Elise,Granoff,Elise.Granoff@yopmail.com,Elise.Granoff@gmail.com,developer
947,Alia,Brackely,Alia.Brackely@yopmail.com,Alia.Brackely@gmail.com,developer
948,Cacilie,Lay,Cacilie.Lay@yopmail.com,Cacilie.Lay@gmail.com,developer
949,Kirbee,Middleton,Kirbee.Middleton@yopmail.com,Kirbee.Middleton@gmail.com,doctor
950,Florencia,Georas,Florencia.Georas@yopmail.com,Florencia.Georas@gmail.com,developer
951,Karolina,Baudin,Karolina.Baudin@yopmail.com,Karolina.Baudin@gmail.com,police officer
952,Hettie,Etom,Hettie.Etom@yopmail.com,Hettie.Etom@gmail.com,worker
953,Barbi,Colbert,Barbi.Colbert@yopmail.com,Barbi.Colbert@gmail.com,developer
954,Ulrike,Erlandson,Ulrike.Erlandson@yopmail.com,Ulrike.Erlandson@gmail.com,doctor
955,Silvana,Ramona,Silvana.Ramona@yopmail.com,Silvana.Ramona@gmail.com,developer
956,Rayna,Avi,Rayna.Avi@yopmail.com,Rayna.Avi@gmail.com,firefighter
957,Dulce,Gordon,Dulce.Gordon@yopmail.com,Dulce.Gordon@gmail.com,police officer
958,Glenda,Redmond,Glenda.Redmond@yopmail.com,Glenda.Redmond@gmail.com,worker
959,Agnese,Daegal,Agnese.Daegal@yopmail.com,Agnese.Daegal@gmail.com,developer
960,Abbie,Anton,Abbie.Anton@yopmail.com,Abbie.Anton@gmail.com,developer
961,Lizzie,Behre,Lizzie.Behre@yopmail.com,Lizzie.Behre@gmail.com,police officer
962,Fredericka,Fairweather,Fredericka.Fairweather@yopmail.com,Fredericka.Fairweather@gmail.com,doctor
963,Katleen,Kristi,Katleen.Kristi@yopmail.com,Katleen.Kristi@gmail.com,developer
964,Cristine,Raul,Cristine.Raul@yopmail.com,Cristine.Raul@gmail.com,police officer
965,Rosaline,Nickola,Rosaline.Nickola@yopmail.com,Rosaline.Nickola@gmail.com,firefighter
966,Nariko,Bollay,Nariko.Bollay@yopmail.com,Nariko.Bollay@gmail.com,worker
967,Yvonne,Thornburg,Yvonne.Thornburg@yopmail.com,Yvonne.Thornburg@gmail.com,firefighter
968,Frances,Weide,Frances.Weide@yopmail.com,Frances.Weide@gmail.com,worker
969,Fawne,Lorenz,Fawne.Lorenz@yopmail.com,Fawne.Lorenz@gmail.com,doctor
970,Almeta,Tryck,Almeta.Tryck@yopmail.com,Almeta.Tryck@gmail.com,developer
971,Robbi,Harl,Robbi.Harl@yopmail.com,Robbi.Harl@gmail.com,doctor
972,Wileen,Papageno,Wileen.Papageno@yopmail.com,Wileen.Papageno@gmail.com,developer
973,Vinita,Heidt,Vinita.Heidt@yopmail.com,Vinita.Heidt@gmail.com,police officer
974,Moyna,Christine,Moyna.Christine@yopmail.com,Moyna.Christine@gmail.com,firefighter
975,Doralynne,Hanshaw,Doralynne.Hanshaw@yopmail.com,Doralynne.Hanshaw@gmail.com,firefighter
976,Kaia,Ricki,Kaia.Ricki@yopmail.com,Kaia.Ricki@gmail.com,police officer
977,Ardeen,Lubin,Ardeen.Lubin@yopmail.com,Ardeen.Lubin@gmail.com,police officer
978,Brianna,Prober,Brianna.Prober@yopmail.com,Brianna.Prober@gmail.com,developer
979,Susette,Bendick,Susette.Bendick@yopmail.com,Susette.Bendick@gmail.com,worker
980,Violet,Alice,Violet.Alice@yopmail.com,Violet.Alice@gmail.com,worker
981,Carly,Gwenore,Carly.Gwenore@yopmail.com,Carly.Gwenore@gmail.com,worker
982,Mignon,Wareing,Mignon.Wareing@yopmail.com,Mignon.Wareing@gmail.com,developer
983,Frances,Shelba,Frances.Shelba@yopmail.com,Frances.Shelba@gmail.com,firefighter
984,Ardys,Gower,Ardys.Gower@yopmail.com,Ardys.Gower@gmail.com,worker
985,Caryl,Phi,Caryl.Phi@yopmail.com,Caryl.Phi@gmail.com,doctor
986,Ursulina,Drisko,Ursulina.Drisko@yopmail.com,Ursulina.Drisko@gmail.com,firefighter
987,Queenie,Giff,Queenie.Giff@yopmail.com,Queenie.Giff@gmail.com,doctor
988,Henriette,Seagraves,Henriette.Seagraves@yopmail.com,Henriette.Seagraves@gmail.com,police officer
989,Clo,Kristi,Clo.Kristi@yopmail.com,Clo.Kristi@gmail.com,police officer
990,Jerry,Amand,Jerry.Amand@yopmail.com,Jerry.Amand@gmail.com,police officer
991,Sibella,Waite,Sibella.Waite@yopmail.com,Sibella.Waite@gmail.com,police officer
992,Sean,Bryna,Sean.Bryna@yopmail.com,Sean.Bryna@gmail.com,worker
993,Janey,Bury,Janey.Bury@yopmail.com,Janey.Bury@gmail.com,police officer
994,Renae,Reinke,Renae.Reinke@yopmail.com,Renae.Reinke@gmail.com,police officer
995,Eugine,Dosia,Eugine.Dosia@yopmail.com,Eugine.Dosia@gmail.com,police officer
996,Gui,Dituri,Gui.Dituri@yopmail.com,Gui.Dituri@gmail.com,worker
997,Brietta,Zetta,Brietta.Zetta@yopmail.com,Brietta.Zetta@gmail.com,firefighter
998,Ursulina,Magdalen,Ursulina.Magdalen@yopmail.com,Ursulina.Magdalen@gmail.com,firefighter
999,Wynne,Leary,Wynne.Leary@yopmail.com,Wynne.Leary@gmail.com,doctor
1000,Lita,Allys,Lita.Allys@yopmail.com,Lita.Allys@gmail.com,firefighter
1001,Silvana,Mehalek,Silvana.Mehalek@yopmail.com,Silvana.Mehalek@gmail.com,firefighter
1002,Winny,Celestine,Winny.Celestine@yopmail.com,Winny.Celestine@gmail.com,developer
1003,Ruthe,Wareing,Ruthe.Wareing@yopmail.com,Ruthe.Wareing@gmail.com,firefighter
1004,Valeda,Turne,Valeda.Turne@yopmail.com,Valeda.Turne@gmail.com,worker
1005,Charissa,Roarke,Charissa.Roarke@yopmail.com,Charissa.Roarke@gmail.com,developer
1006,Lorne,Geffner,Lorne.Geffner@yopmail.com,Lorne.Geffner@gmail.com,developer
1007,Brooks,Firmin,Brooks.Firmin@yopmail.com,Brooks.Firmin@gmail.com,worker
1008,Jean,Rosemary,Jean.Rosemary@yopmail.com,Jean.Rosemary@gmail.com,police officer
1009,Gabriellia,Cottle,Gabriellia.Cottle@yopmail.com,Gabriellia.Cottle@gmail.com,developer
1010,Nerta,Oscar,Nerta.Oscar@yopmail.com,Nerta.Oscar@gmail.com,firefighter
1011,Bee,Ader,Bee.Ader@yopmail.com,Bee.Ader@gmail.com,doctor
1012,Johna,Azeria,Johna.Azeria@yopmail.com,Johna.Azeria@gmail.com,police officer
1013,Regina,Charmine,Regina.Charmine@yopmail.com,Regina.Charmine@gmail.com,developer
1014,Esmeralda,Aloise,Esmeralda.Aloise@yopmail.com,Esmeralda.Aloise@gmail.com,doctor
1015,Jany,Melony,Jany.Melony@yopmail.com,Jany.Melony@gmail.com,firefighter
1016,Susan,Silvan,Susan.Silvan@yopmail.com,Susan.Silvan@gmail.com,developer
1017,Ana,Durante,Ana.Durante@yopmail.com,Ana.Durante@gmail.com,worker
1018,Oralee,Elisha,Oralee.Elisha@yopmail.com,Oralee.Elisha@gmail.com,doctor
1019,Shauna,Wu,Shauna.Wu@yopmail.com,Shauna.Wu@gmail.com,firefighter
1020,Ginnie,Ambrosia,Ginnie.Ambrosia@yopmail.com,Ginnie.Ambrosia@gmail.com,worker
1021,Pierette,Glovsky,Pierette.Glovsky@yopmail.com,Pierette.Glovsky@gmail.com,police officer
1022,Lynnea,Durware,Lynnea.Durware@yopmail.com,Lynnea.Durware@gmail.com,doctor
1023,Brynna,Delacourt,Brynna.Delacourt@yopmail.com,Brynna.Delacourt@gmail.com,developer
1024,Emilia,Chabot,Emilia.Chabot@yopmail.com,Emilia.Chabot@gmail.com,worker
1025,Chere,Ochs,Chere.Ochs@yopmail.com,Chere.Ochs@gmail.com,police officer
1026,Florie,Fairweather,Florie.Fairweather@yopmail.com,Florie.Fairweather@gmail.com,worker
1027,Lelah,Malina,Lelah.Malina@yopmail.com,Lelah.Malina@gmail.com,firefighter
1028,Siana,Whiffen,Siana.Whiffen@yopmail.com,Siana.Whiffen@gmail.com,firefighter
1029,Gerianna,O'Rourke,Gerianna.O'Rourke@yopmail.com,Gerianna.O'Rourke@gmail.com,police officer
1030,Willetta,Colbert,Willetta.Colbert@yopmail.com,Willetta.Colbert@gmail.com,firefighter
1031,Di,Ethban,Di.Ethban@yopmail.com,Di.Ethban@gmail.com,firefighter
1032,Kylynn,Erb,Kylynn.Erb@yopmail.com,Kylynn.Erb@gmail.com,doctor
1033,Tori,Frodi,Tori.Frodi@yopmail.com,Tori.Frodi@gmail.com,developer
1034,Anthia,Fairweather,Anthia.Fairweather@yopmail.com,Anthia.Fairweather@gmail.com,doctor
1035,Hannis,Goddard,Hannis.Goddard@yopmail.com,Hannis.Goddard@gmail.com,developer
1036,Elka,Helfand,Elka.Helfand@yopmail.com,Elka.Helfand@gmail.com,worker
1037,Nessie,Merell,Nessie.Merell@yopmail.com,Nessie.Merell@gmail.com,firefighter
1038,Elyssa,Natica,Elyssa.Natica@yopmail.com,Elyssa.Natica@gmail.com,firefighter
1039,Felice,Philipp,Felice.Philipp@yopmail.com,Felice.Philipp@gmail.com,doctor
1040,Myriam,Alarise,Myriam.Alarise@yopmail.com,Myriam.Alarise@gmail.com,doctor
1041,Sherrie,Primalia,Sherrie.Primalia@yopmail.com,Sherrie.Primalia@gmail.com,doctor
1042,Isa,Anis,Isa.Anis@yopmail.com,Isa.Anis@gmail.com,worker
1043,Nananne,Kaete,Nananne.Kaete@yopmail.com,Nananne.Kaete@gmail.com,firefighter
1044,Robinia,Jobi,Robinia.Jobi@yopmail.com,Robinia.Jobi@gmail.com,worker
1045,Cristabel,Louanna,Cristabel.Louanna@yopmail.com,Cristabel.Louanna@gmail.com,firefighter
1046,Jenilee,Karl,Jenilee.Karl@yopmail.com,Jenilee.Karl@gmail.com,developer
1047,Riannon,Bennie,Riannon.Bennie@yopmail.com,Riannon.Bennie@gmail.com,firefighter
1048,Valera,Barrus,Valera.Barrus@yopmail.com,Valera.Barrus@gmail.com,doctor
1049,Meg,Therine,Meg.Therine@yopmail.com,Meg.Therine@gmail.com,firefighter
1050,Miquela,Dulciana,Miquela.Dulciana@yopmail.com,Miquela.Dulciana@gmail.com,worker
1051,Ileana,Johanna,Ileana.Johanna@yopmail.com,Ileana.Johanna@gmail.com,firefighter
1052,Ardenia,Dunkin,Ardenia.Dunkin@yopmail.com,Ardenia.Dunkin@gmail.com,developer
1053,Regina,Couture,Regina.Couture@yopmail.com,Regina.Couture@gmail.com,worker
1054,Etta,Land,Etta.Land@yopmail.com,Etta.Land@gmail.com,doctor
1055,Lulita,Blase,Lulita.Blase@yopmail.com,Lulita.Blase@gmail.com,developer
1056,Meg,Regan,Meg.Regan@yopmail.com,Meg.Regan@gmail.com,developer
1057,Myriam,Talia,Myriam.Talia@yopmail.com,Myriam.Talia@gmail.com,doctor
1058,Kittie,Lattie,Kittie.Lattie@yopmail.com,Kittie.Lattie@gmail.com,police officer
1059,Joeann,Jorgan,Joeann.Jorgan@yopmail.com,Joeann.Jorgan@gmail.com,firefighter
1060,Britni,Lymann,Britni.Lymann@yopmail.com,Britni.Lymann@gmail.com,developer
1061,Sean,Ahab,Sean.Ahab@yopmail.com,Sean.Ahab@gmail.com,firefighter
1062,Riannon,Stover,Riannon.Stover@yopmail.com,Riannon.Stover@gmail.com,police officer
1063,Corry,Tryck,Corry.Tryck@yopmail.com,Corry.Tryck@gmail.com,police officer
1064,Valera,MacIntosh,Valera.MacIntosh@yopmail.com,Valera.MacIntosh@gmail.com,police officer
1065,Meg,Roumell,Meg.Roumell@yopmail.com,Meg.Roumell@gmail.com,doctor
1066,Lila,Chrystel,Lila.Chrystel@yopmail.com,Lila.Chrystel@gmail.com,doctor
1067,Phedra,Mandler,Phedra.Mandler@yopmail.com,Phedra.Mandler@gmail.com,doctor
1068,Emmey,Swigart,Emmey.Swigart@yopmail.com,Emmey.Swigart@gmail.com,police officer
1069,Justinn,Maryanne,Justinn.Maryanne@yopmail.com,Justinn.Maryanne@gmail.com,firefighter
1070,Sallie,Anton,Sallie.Anton@yopmail.com,Sallie.Anton@gmail.com,worker
1071,Amara,Persse,Amara.Persse@yopmail.com,Amara.Persse@gmail.com,developer
1072,Ardeen,Mike,Ardeen.Mike@yopmail.com,Ardeen.Mike@gmail.com,doctor
1073,Bettine,Wind,Bettine.Wind@yopmail.com,Bettine.Wind@gmail.com,police officer
1074,Basia,Duwalt,Basia.Duwalt@yopmail.com,Basia.Duwalt@gmail.com,police officer
1075,Helena,Craggie,Helena.Craggie@yopmail.com,Helena.Craggie@gmail.com,firefighter
1076,Flo,Khorma,Flo.Khorma@yopmail.com,Flo.Khorma@gmail.com,firefighter
1077,Layla,Raseda,Layla.Raseda@yopmail.com,Layla.Raseda@gmail.com,police officer
1078,Donetta,Lymann,Donetta.Lymann@yopmail.com,Donetta.Lymann@gmail.com,doctor
1079,Ardenia,Center,Ardenia.Center@yopmail.com,Ardenia.Center@gmail.com,doctor
1080,Letizia,Bergman,Letizia.Bergman@yopmail.com,Letizia.Bergman@gmail.com,worker
1081,Leona,Sisile,Leona.Sisile@yopmail.com,Leona.Sisile@gmail.com,police officer
1082,Roxane,Ortrude,Roxane.Ortrude@yopmail.com,Roxane.Ortrude@gmail.com,developer
1083,Aryn,MacIntosh,Aryn.MacIntosh@yopmail.com,Aryn.MacIntosh@gmail.com,firefighter
1084,Inga,Germann,Inga.Germann@yopmail.com,Inga.Germann@gmail.com,worker
1085,Ruthe,Revkah,Ruthe.Revkah@yopmail.com,Ruthe.Revkah@gmail.com,firefighter
1086,Helsa,Helve,Helsa.Helve@yopmail.com,Helsa.Helve@gmail.com,doctor
1087,Phedra,Bultman,Phedra.Bultman@yopmail.com,Phedra.Bultman@gmail.com,worker
1088,Mildrid,Gaal,Mildrid.Gaal@yopmail.com,Mildrid.Gaal@gmail.com,worker
1089,Roz,Liebermann,Roz.Liebermann@yopmail.com,Roz.Liebermann@gmail.com,police officer
1090,Lacie,Dichy,Lacie.Dichy@yopmail.com,Lacie.Dichy@gmail.com,firefighter
1091,Nita,Valoniah,Nita.Valoniah@yopmail.com,Nita.Valoniah@gmail.com,firefighter
1092,Calla,Francyne,Calla.Francyne@yopmail.com,Calla.Francyne@gmail.com,developer
1093,Oralee,Mallon,Oralee.Mallon@yopmail.com,Oralee.Mallon@gmail.com,worker
1094,Liana,Tatianas,Liana.Tatianas@yopmail.com,Liana.Tatianas@gmail.com,doctor
1095,Ruthe,Michella,Ruthe.Michella@yopmail.com,Ruthe.Michella@gmail.com,firefighter
1096,Lila,Kiersten,Lila.Kiersten@yopmail.com,Lila.Kiersten@gmail.com,developer
1097,Keelia,Berriman,Keelia.Berriman@yopmail.com,Keelia.Berriman@gmail.com,police officer
1098,Grier,Rosette,Grier.Rosette@yopmail.com,Grier.Rosette@gmail.com,firefighter
1099,Genovera,Egbert,Genovera.Egbert@yopmail.com,Genovera.Egbert@gmail.com,developer